scenario_name	n_total	group	power	scenario_set
ARREST_shrunk	100	A	0.010000000000000009	supp
ARREST_shrunk	100	B	0.04513366767091853	supp
ARREST_shrunk	100	C	0.010707477170939561	supp
ARREST_shrunk	100	D	0.010661458450073269	supp
ARREST_shrunk	100	E	0.011257422132331163	supp
ARREST_shrunk	200	A	0.010000000000000009	supp
ARREST_shrunk	200	B	0.09136114725189626	supp
ARREST_shrunk	200	C	0.011422972515948704	supp
ARREST_shrunk	200	D	0.011329932793848418	supp
ARREST_shrunk	200	E	0.012539878671704141	supp
ARREST_shrunk	300	A	0.010000000000000009	supp
ARREST_shrunk	300	B	0.14608363720730877	supp
ARREST_shrunk	300	C	0.01214645505158396	supp
ARREST_shrunk	300	D	0.01200539769904374	supp
ARREST_shrunk	300	E	0.013847196507139503	supp
ARREST_shrunk	400	A	0.010000000000000009	supp
ARREST_shrunk	400	B	0.20669728783351515	supp
ARREST_shrunk	400	C	0.012877893572307952	supp
ARREST_shrunk	400	D	0.012687827663047546	supp
ARREST_shrunk	400	E	0.015179200406470139	supp
ARREST_shrunk	500	A	0.010000000000000009	supp
ARREST_shrunk	500	B	0.2707774232896367	supp
ARREST_shrunk	500	C	0.01361725665426361	supp
ARREST_shrunk	500	D	0.013377197015622233	supp
ARREST_shrunk	500	E	0.016535713080970016	supp
ARREST_shrunk	600	A	0.010000000000000009	supp
ARREST_shrunk	600	B	0.3361895691605914	supp
ARREST_shrunk	600	C	0.014364512659021944	supp
ARREST_shrunk	600	D	0.014073479921590915	supp
ARREST_shrunk	600	E	0.017916555249197996	supp
ARREST_shrunk	700	A	0.010000000000000009	supp
ARREST_shrunk	700	B	0.40114449305370337	supp
ARREST_shrunk	700	C	0.015119629737303963	supp
ARREST_shrunk	700	D	0.014776650383506285	supp
ARREST_shrunk	700	E	0.01932154570005762	supp
ARREST_shrunk	800	A	0.010000000000000009	supp
ARREST_shrunk	800	B	0.46421256243886955	supp
ARREST_shrunk	800	C	0.015882575832677714	supp
ARREST_shrunk	800	D	0.015486682244304162	supp
ARREST_shrunk	800	E	0.020750501355077278	supp
ARREST_shrunk	900	A	0.010000000000000009	supp
ARREST_shrunk	900	B	0.5243102748160938	supp
ARREST_shrunk	900	C	0.016653318685229235	supp
ARREST_shrunk	900	D	0.016203549189937383	supp
ARREST_shrunk	900	E	0.022203237329913028	supp
ARREST_shrunk	1000	A	0.010000000000000009	supp
ARREST_shrunk	1000	B	0.5806692596924292	supp
ARREST_shrunk	1000	C	0.017431825835208303	supp
ARREST_shrunk	1000	D	0.016927224751994485	supp
ARREST_shrunk	1000	E	0.023679566995076895	supp
ARREST_shrunk	1100	A	0.010000000000000009	supp
ARREST_shrunk	1100	B	0.6327956514893762	supp
ARREST_shrunk	1100	C	0.0182180646266481	supp
ARREST_shrunk	1100	D	0.017657682310301293	supp
ARREST_shrunk	1100	E	0.025179302035894913	supp
ARREST_shrunk	1200	A	0.010000000000000009	supp
ARREST_shrunk	1200	B	0.6804256253263608	supp
ARREST_shrunk	1200	C	0.019012002210960555	supp
ARREST_shrunk	1200	D	0.01839489509550407	supp
ARREST_shrunk	1200	E	0.026702252511697444	supp
ARREST_shrunk	1300	A	0.010000000000000009	supp
ARREST_shrunk	1300	B	0.7234811290151362	supp
ARREST_shrunk	1300	C	0.01981360555050593	supp
ARREST_shrunk	1300	D	0.01913883619163681	supp
ARREST_shrunk	1300	E	0.02824822691424489	supp
ARREST_shrunk	1400	A	0.010000000000000009	supp
ARREST_shrunk	1400	B	0.7620284378382377	supp
ARREST_shrunk	1400	C	0.020622841422135663	supp
ARREST_shrunk	1400	D	0.019889478538671734	supp
ARREST_shrunk	1400	E	0.029817032225393114	supp
ARREST_shrunk	1500	A	0.010000000000000009	supp
ARREST_shrunk	1500	B	0.7962410767405619	supp
ARREST_shrunk	1500	C	0.021439676420713094	supp
ARREST_shrunk	1500	D	0.02064679493505206	supp
ARREST_shrunk	1500	E	0.03140847397400237	supp
ARREST_shrunk	1600	A	0.010000000000000009	supp
ARREST_shrunk	1600	B	0.8263678550847856	supp
ARREST_shrunk	1600	C	0.022264076962605128	supp
ARREST_shrunk	1600	D	0.021410758040208422	supp
ARREST_shrunk	1600	E	0.03302235629209138	supp
ARREST_shrunk	1700	A	0.010000000000000009	supp
ARREST_shrunk	1700	B	0.8527061943129695	supp
ARREST_shrunk	1700	C	0.023096009289152897	supp
ARREST_shrunk	1700	D	0.02218134037705799	supp
ARREST_shrunk	1700	E	0.034658481970242905	supp
ARREST_shrunk	1800	A	0.010000000000000009	supp
ARREST_shrunk	1800	B	0.8755805516126789	supp
ARREST_shrunk	1800	C	0.023935439470113784	supp
ARREST_shrunk	1800	D	0.022958514334487812	supp
ARREST_shrunk	1800	E	0.03631665251226346	supp
ARREST_shrunk	1900	A	0.010000000000000009	supp
ARREST_shrunk	1900	B	0.895325510079018	supp
ARREST_shrunk	1900	C	0.024782333407080803	supp
ARREST_shrunk	1900	D	0.023742252169819844	supp
ARREST_shrunk	1900	E	0.037996668189100746	supp
ARREST_shrunk	2000	A	0.010000000000000009	supp
ARREST_shrunk	2000	B	0.9122729808304652	supp
ARREST_shrunk	2000	C	0.02563665683687555	supp
ARREST_shrunk	2000	D	0.02453252601126077	supp
ARREST_shrunk	2000	E	0.039698328092022894	supp
ARREST_shrunk	2100	A	0.010000000000000009	supp
ARREST_shrunk	2100	B	0.9267429143887584	supp
ARREST_shrunk	2100	C	0.026498375334917723	supp
ARREST_shrunk	2100	D	0.02532930786033416	supp
ARREST_shrunk	2100	E	0.041421430185064945	supp
ARREST_shrunk	2200	A	0.010000000000000009	supp
ARREST_shrunk	2200	B	0.9390369228544061	supp
ARREST_shrunk	2200	C	0.027367454318569018	supp
ARREST_shrunk	2200	D	0.026132569594295774	supp
ARREST_shrunk	2200	E	0.043165771356744265	supp
ARREST_shrunk	2300	A	0.010000000000000009	supp
ARREST_shrunk	2300	B	0.9494342520495317	supp
ARREST_shrunk	2300	C	0.028243859050451237	supp
ARREST_shrunk	2300	D	0.026942282968533626	supp
ARREST_shrunk	2300	E	0.0449311474710512	supp
ARREST_shrunk	2400	A	0.010000000000000009	supp
ARREST_shrunk	2400	B	0.958189599687561	supp
ARREST_shrunk	2400	C	0.029127554641742437	supp
ARREST_shrunk	2400	D	0.02775841961894998	supp
ARREST_shrunk	2400	E	0.04671735341771843	supp
ARREST_shrunk	2500	A	0.010000000000000009	supp
ARREST_shrunk	2500	B	0.9655323415400578	supp
ARREST_shrunk	2500	C	0.03001850605544598	supp
ARREST_shrunk	2500	D	0.02858095106432723	supp
ARREST_shrunk	2500	E	0.04852418316177309	supp
ARREST_shrunk	2600	A	0.010000000000000009	supp
ARREST_shrunk	2600	B	0.971666795432131	supp
ARREST_shrunk	2600	C	0.030916678109635942	supp
ARREST_shrunk	2600	D	0.029409848708678132	supp
ARREST_shrunk	2600	E	0.0503514297923765	supp
ARREST_shrunk	2700	A	0.010000000000000009	supp
ARREST_shrunk	2700	B	0.9767732180779432	supp
ARREST_shrunk	2700	C	0.03182203548067841	supp
ARREST_shrunk	2700	D	0.03024508384357849	supp
ARREST_shrunk	2700	E	0.05219888557095509	supp
ARREST_shrunk	2800	A	0.010000000000000009	supp
ARREST_shrunk	2800	B	0.9810092894695633	supp
ARREST_shrunk	2800	C	0.03273454270642795	supp
ARREST_shrunk	2800	D	0.031086627650483645	supp
ARREST_shrunk	2800	E	0.05406634197862903	supp
ARREST_shrunk	2900	A	0.010000000000000009	supp
ARREST_shrunk	2900	B	0.9845118922919264	supp
ARREST_shrunk	2900	C	0.033654164189399594	supp
ARREST_shrunk	2900	D	0.03193445120302951	supp
ARREST_shrunk	2900	E	0.0559535897629404	supp
ARREST_shrunk	3000	A	0.010000000000000009	supp
ARREST_shrunk	3000	B	0.9873990391240935	supp
ARREST_shrunk	3000	C	0.03458086419991746	supp
ARREST_shrunk	3000	D	0.032788525469315655	supp
ARREST_shrunk	3000	E	0.05786041898388716	supp
ARREST_shrunk	3100	A	0.010000000000000009	supp
ARREST_shrunk	3100	B	0.9897718380963907	supp
ARREST_shrunk	3100	C	0.035514606879237465	supp
ARREST_shrunk	3100	D	0.033648821314173905	supp
ARREST_shrunk	3100	E	0.05978661905926741	supp
ARREST_shrunk	3200	A	0.010000000000000009	supp
ARREST_shrunk	3200	B	0.9917164186884116	supp
ARREST_shrunk	3200	C	0.036455356242648174	supp
ARREST_shrunk	3200	D	0.03451530950141957	supp
ARREST_shrunk	3200	E	0.061731978809338894	supp
ARREST_shrunk	3300	A	0.010000000000000009	supp
ARREST_shrunk	3300	B	0.9933057641774139	supp
ARREST_shrunk	3300	C	0.03740307618254601	supp
ARREST_shrunk	3300	D	0.03538796069608652	supp
ARREST_shrunk	3300	E	0.06369628650079628	supp
ARREST_shrunk	3400	A	0.010000000000000009	supp
ARREST_shrunk	3400	B	0.9946014166813115	supp
ARREST_shrunk	3400	C	0.038357730471486606	supp
ARREST_shrunk	3400	D	0.036266745466646655	supp
ARREST_shrunk	3400	E	0.0656793298900753	supp
ARREST_shrunk	3500	A	0.010000000000000009	supp
ARREST_shrunk	3500	B	0.9956550356020937	supp
ARREST_shrunk	3500	C	0.039319282765213126	supp
ARREST_shrunk	3500	D	0.03715163428721313	supp
ARREST_shrunk	3500	E	0.0676808962659835	supp
ARREST_shrunk	3600	A	0.010000000000000009	supp
ARREST_shrunk	3600	B	0.9965098013439326	supp
ARREST_shrunk	3600	C	0.040287696605659784	supp
ARREST_shrunk	3600	D	0.03804259753972672	supp
ARREST_shrunk	3600	E	0.0697007724916664	supp
ARREST_shrunk	3700	A	0.010000000000000009	supp
ARREST_shrunk	3700	B	0.9972016641673638	supp
ARREST_shrunk	3700	C	0.04126293542393289	supp
ARREST_shrunk	3700	D	0.038939605516128184	supp
ARREST_shrunk	3700	E	0.07173874504591171	supp
ARREST_shrunk	3800	A	0.010000000000000009	supp
ARREST_shrunk	3800	B	0.9977604435749418	supp
ARREST_shrunk	3800	C	0.04224496254326637	supp
ARREST_shrunk	3800	D	0.03984262842051178	supp
ARREST_shrunk	3800	E	0.07379460006379823	supp
ARREST_shrunk	3900	A	0.010000000000000009	supp
ARREST_shrunk	3900	B	0.9982107872442996	supp
ARREST_shrunk	3900	C	0.043233741181955776	supp
ARREST_shrunk	3900	D	0.040751636371265554	supp
ARREST_shrunk	3900	E	0.07586812337669169	supp
ARREST_shrunk	4000	A	0.010000000000000009	supp
ARREST_shrunk	4000	B	0.9985730006844273	supp
ARREST_shrunk	4000	C	0.04422923445626714	supp
ARREST_shrunk	4000	D	0.041666599403194615	supp
ARREST_shrunk	4000	E	0.07795910055159638	supp
ARREST_shrunk	4100	A	0.010000000000000009	supp
ARREST_shrunk	4100	B	0.9988637598626325	supp
ARREST_shrunk	4100	C	0.04523140538332371	supp
ARREST_shrunk	4100	D	0.04258748746962793	supp
ARREST_shrunk	4100	E	0.08006731692986402	supp
ARREST_shrunk	4200	A	0.010000000000000009	supp
ARREST_shrunk	4200	B	0.9990967193333561	supp
ARREST_shrunk	4200	C	0.046240216883967955	supp
ARREST_shrunk	4200	D	0.04351427044451084	supp
ARREST_shrunk	4200	E	0.08219255766526601	supp
ARREST_shrunk	4300	A	0.010000000000000009	supp
ARREST_shrunk	4300	B	0.999283028133584	supp
ARREST_shrunk	4300	C	0.04725563178560177	supp
ARREST_shrunk	4300	D	0.04444691812448087	supp
ARREST_shrunk	4300	E	0.08433460776143586	supp
ARREST_shrunk	4400	A	0.010000000000000009	supp
ARREST_shrunk	4400	B	0.9994317650776444	supp
ARREST_shrunk	4400	C	0.048277612825002314	supp
ARREST_shrunk	4400	D	0.045385400230927964	supp
ARREST_shrunk	4400	E	0.0864932521086842	supp
ARREST_shrunk	4500	A	0.010000000000000009	supp
ARREST_shrunk	4500	B	0.9995503042272801	supp
ARREST_shrunk	4500	C	0.04930612265111545	supp
ARREST_shrunk	4500	D	0.04632968641203972	supp
ARREST_shrunk	4500	E	0.08866827552019352	supp
ARREST_shrunk	4600	A	0.010000000000000009	supp
ARREST_shrunk	4600	B	0.9996446203356179	supp
ARREST_shrunk	4600	C	0.05034112382782596	supp
ARREST_shrunk	4600	D	0.04727974624482989	supp
ARREST_shrunk	4600	E	0.0908594627675956	supp
ARREST_shrunk	4700	A	0.010000000000000009	supp
ARREST_shrunk	4700	B	0.9997195430417809	supp
ARREST_shrunk	4700	C	0.05138257883670483	supp
ARREST_shrunk	4700	D	0.04823554923715301	supp
ARREST_shrunk	4700	E	0.09306659861594024	supp
ARREST_shrunk	4800	A	0.010000000000000009	supp
ARREST_shrunk	4800	B	0.9997789675795344	supp
ARREST_shrunk	4800	C	0.05243045007973357	supp
ARREST_shrunk	4800	D	0.049197064829701986	supp
ARREST_shrunk	4800	E	0.0952894678580567	supp
ARREST_shrunk	4900	A	0.010000000000000009	supp
ARREST_shrunk	4900	B	0.9998260287940806	supp
ARREST_shrunk	4900	C	0.05348469988200577	supp
ARREST_shrunk	4900	D	0.05016426239799099	supp
ARREST_shrunk	4900	E	0.09752785534831454	supp
ARREST_shrunk	5000	A	0.010000000000000009	supp
ARREST_shrunk	5000	B	0.9998632443582283	supp
ARREST_shrunk	5000	C	0.054545290494406595	supp
ARREST_shrunk	5000	D	0.05113711125432341	supp
ARREST_shrunk	5000	E	0.09978154603579081	supp
ARREST_shrunk	5100	A	0.010000000000000009	supp
ARREST_shrunk	5100	B	0.9998926322550843	supp
ARREST_shrunk	5100	C	0.055612184096268225	supp
ARREST_shrunk	5100	D	0.05211558064974353	supp
ARREST_shrunk	5100	E	0.10205032499684519	supp
ARREST_shrunk	5200	A	0.010000000000000009	supp
ARREST_shrunk	5200	B	0.9999158068544228	supp
ARREST_shrunk	5200	C	0.056685342798004856	supp
ARREST_shrunk	5200	D	0.05309963977597376	supp
ARREST_shrunk	5200	E	0.10433397746711148	supp
ARREST_shrunk	5300	A	0.010000000000000009	supp
ARREST_shrunk	5300	B	0.9999340572542776	supp
ARREST_shrunk	5300	C	0.05776472864372284	supp
ARREST_shrunk	5300	D	0.05408925776733664	supp
ARREST_shrunk	5300	E	0.10663228887290854	supp
ARREST_shrunk	5400	A	0.010000000000000009	supp
ARREST_shrunk	5400	B	0.9999484109849721	supp
ARREST_shrunk	5400	C	0.05885030361381116	supp
ARREST_shrunk	5400	D	0.05508440370266077	supp
ARREST_shrunk	5400	E	0.10894504486207812	supp
ARREST_shrunk	5500	A	0.010000000000000009	supp
ARREST_shrunk	5500	B	0.9999596856745309	supp
ARREST_shrunk	5500	C	0.059942029627507165	supp
ARREST_shrunk	5500	D	0.05608504660717262	supp
ARREST_shrunk	5500	E	0.11127203133425179	supp
ARREST_shrunk	5600	A	0.010000000000000009	supp
ARREST_shrunk	5600	B	0.9999685308457686	supp
ARREST_shrunk	5600	C	0.061039868545441744	supp
ARREST_shrunk	5600	D	0.05709115545437349	supp
ARREST_shrunk	5600	E	0.11361303447055504	supp
ARREST_shrunk	5700	A	0.010000000000000009	supp
ARREST_shrunk	5700	B	0.9999754616493333	supp
ARREST_shrunk	5700	C	0.06214378217216199	supp
ARREST_shrunk	5700	D	0.05810269916790023	supp
ARREST_shrunk	5700	E	0.11596784076275224	supp
ARREST_shrunk	5800	A	0.010000000000000009	supp
ARREST_shrunk	5800	B	0.9999808860265075	supp
ARREST_shrunk	5800	C	0.06325373225863118	supp
ARREST_shrunk	5800	D	0.059119646623372435	supp
ARREST_shrunk	5800	E	0.11833623704183849	supp
ARREST_shrunk	5900	A	0.010000000000000009	supp
ARREST_shrunk	5900	B	0.999985126533787	supp
ARREST_shrunk	5900	C	0.06436968050470837	supp
ARREST_shrunk	5900	D	0.060141966650223755	supp
ARREST_shrunk	5900	E	0.12071801050608211	supp
ARREST_shrunk	6000	A	0.010000000000000009	supp
ARREST_shrunk	6000	B	0.9999884378417074	supp
ARREST_shrunk	6000	C	0.06549158856160464	supp
ARREST_shrunk	6000	D	0.06116962803351855	supp
ARREST_shrunk	6000	E	0.12311294874852596	supp
ARREST_shrunk	6100	A	0.010000000000000009	supp
ARREST_shrunk	6100	B	0.9999910207371779	supp
ARREST_shrunk	6100	C	0.06661941803431826	supp
ARREST_shrunk	6100	D	0.062202599515754575	supp
ARREST_shrunk	6100	E	0.12552083978394946	supp
ARREST_shrunk	6200	A	0.010000000000000009	supp
ARREST_shrunk	6200	B	0.9999930333063857	supp
ARREST_shrunk	6200	C	0.06775313048404863	supp
ARREST_shrunk	6200	D	0.0632408497986503	supp
ARREST_shrunk	6200	E	0.12794147207529882	supp
ARREST_shrunk	6300	A	0.010000000000000009	supp
ARREST_shrunk	6300	B	0.9999945998494234	supp
ARREST_shrunk	6300	C	0.06889268743058774	supp
ARREST_shrunk	6300	D	0.06428434754491708	supp
ARREST_shrunk	6300	E	0.13037463455958964	supp
ARREST_shrunk	6400	A	0.010000000000000009	supp
ARREST_shrunk	6400	B	0.9999958179740429	supp
ARREST_shrunk	6400	C	0.07003805035469124	supp
ARREST_shrunk	6400	D	0.0653330613800176	supp
ARREST_shrunk	6400	E	0.13282011667328808	supp
ARREST_shrunk	6500	A	0.010000000000000009	supp
ARREST_shrunk	6500	B	0.9999967642307483	supp
ARREST_shrunk	6500	C	0.0711891807004269	supp
ARREST_shrunk	6500	D	0.06638695989390997	supp
ARREST_shrunk	6500	E	0.13527770837717523	supp
ARREST_shrunk	6600	A	0.010000000000000009	supp
ARREST_shrunk	6600	B	0.9999974985817345	supp
ARREST_shrunk	6600	C	0.07234603987750299	supp
ARREST_shrunk	6600	D	0.06744601164277564	supp
ARREST_shrunk	6600	E	0.13774720018069864	supp
ARREST_shrunk	6700	A	0.010000000000000009	supp
ARREST_shrunk	6700	B	0.9999980679393172	supp
ARREST_shrunk	6700	C	0.07350858926357495	supp
ARREST_shrunk	6700	D	0.06851018515073548	supp
ARREST_shrunk	6700	E	0.14022838316581998	supp
ARREST_shrunk	6800	A	0.010000000000000009	supp
ARREST_shrunk	6800	B	0.9999985089632583	supp
ARREST_shrunk	6800	C	0.07467679020653095	supp
ARREST_shrunk	6800	D	0.06957944891154877	supp
ARREST_shrunk	6800	E	0.14272104901035876	supp
ARREST_shrunk	6900	A	0.010000000000000009	supp
ARREST_shrunk	6900	B	0.9999988502688872	supp
ARREST_shrunk	6900	C	0.07585060402675625	supp
ARREST_shrunk	6900	D	0.07065377139030005	supp
ARREST_shrunk	6900	E	0.1452249900108431	supp
ARREST_shrunk	7000	A	0.010000000000000009	supp
ARREST_shrunk	7000	B	0.9999991141675926	supp
ARREST_shrunk	7000	C	0.07702999201937677	supp
ARREST_shrunk	7000	D	0.07173312102507079	supp
ARREST_shrunk	7000	E	0.14773999910486701	supp
ARREST_shrunk	7100	A	0.010000000000000009	supp
ARREST_shrunk	7100	B	0.9999993180367837	supp
ARREST_shrunk	7100	C	0.07821491545648285	supp
ARREST_shrunk	7100	D	0.0728174662285962	supp
ARREST_shrunk	7100	E	0.1502658698929643	supp
ARREST_shrunk	7200	A	0.010000000000000009	supp
ARREST_shrunk	7200	B	0.9999994753967324	supp
ARREST_shrunk	7200	C	0.0794053355893306	supp
ARREST_shrunk	7200	D	0.07390677538990931	supp
ARREST_shrunk	7200	E	0.15280239666000184	supp
ARREST_shrunk	7300	A	0.010000000000000009	supp
ARREST_shrunk	7300	B	0.9999995967558888	supp
ARREST_shrunk	7300	C	0.08060121365052342	supp
ARREST_shrunk	7300	D	0.07500101687596972	supp
ARREST_shrunk	7300	E	0.15534937439609575	supp
ARREST_shrunk	7400	A	0.010000000000000009	supp
ARREST_shrunk	7400	B	0.999999690273597	supp
ARREST_shrunk	7400	C	0.08180251085617352	supp
ARREST_shrunk	7400	D	0.07610015903327938	supp
ARREST_shrunk	7400	E	0.15790659881706082	supp
ARREST_shrunk	7500	A	0.010000000000000009	supp
ARREST_shrunk	7500	B	0.9999997622790044	supp
ARREST_shrunk	7500	C	0.08300918840804183	supp
ARREST_shrunk	7500	D	0.07720417018948345	supp
ARREST_shrunk	7500	E	0.16047386638439232	supp
ARREST_shrunk	7600	A	0.010000000000000009	supp
ARREST_shrunk	7600	B	0.9999998176768758	supp
ARREST_shrunk	7600	C	0.08422120749565887	supp
ARREST_shrunk	7600	D	0.07831301865495799	supp
ARREST_shrunk	7600	E	0.16305097432478943	supp
ARREST_shrunk	7700	A	0.010000000000000009	supp
ARREST_shrunk	7700	B	0.999999860264587	supp
ARREST_shrunk	7700	C	0.08543852929842422	supp
ARREST_shrunk	7700	D	0.07942667272438253	supp
ARREST_shrunk	7700	E	0.1656377206492241	supp
ARREST_shrunk	7800	A	0.010000000000000009	supp
ARREST_shrunk	7800	B	0.9999998929794505	supp
ARREST_shrunk	7800	C	0.08666111498768625	supp
ARREST_shrunk	7800	D	0.08054510067830123	supp
ARREST_shrunk	7800	E	0.1682339041715597	supp
ARREST_shrunk	7900	A	0.010000000000000009	supp
ARREST_shrunk	7900	B	0.9999999180914712	supp
ARREST_shrunk	7900	C	0.08788892572880225	supp
ARREST_shrunk	7900	D	0.08166827078466743	supp
ARREST_shrunk	7900	E	0.17083932452672546	supp
ARREST_shrunk	8000	A	0.010000000000000009	supp
ARREST_shrunk	8000	B	0.9999999373534052	supp
ARREST_shrunk	8000	C	0.08912192268317787	supp
ARREST_shrunk	8000	D	0.08279615130037687	supp
ARREST_shrunk	8000	E	0.1734537821884523	supp
ARREST_shrunk	8100	A	0.010000000000000009	supp
ARREST_shrunk	8100	B	0.9999999521174576	supp
ARREST_shrunk	8100	C	0.09036006701028698	supp
ARREST_shrunk	8100	D	0.08392871047278594	supp
ARREST_shrunk	8100	E	0.17607707848657383	supp
ARREST_shrunk	8200	A	0.010000000000000009	supp
ARREST_shrunk	8200	B	0.9999999634259397	supp
ARREST_shrunk	8200	C	0.09160331986967185	supp
ARREST_shrunk	8200	D	0.08506591654121642	supp
ARREST_shrunk	8200	E	0.17870901562389652	supp
ARREST_shrunk	8300	A	0.010000000000000009	supp
ARREST_shrunk	8300	B	0.9999999720816264	supp
ARREST_shrunk	8300	C	0.09285164242292354	supp
ARREST_shrunk	8300	D	0.0862077377384477	supp
ARREST_shrunk	8300	E	0.18134939669264905	supp
ARREST_shrunk	8400	A	0.010000000000000009	supp
ARREST_shrunk	8400	B	0.999999978702305	supp
ARREST_shrunk	8400	C	0.09410499583564302	supp
ARREST_shrunk	8400	D	0.08735414229219451	supp
ARREST_shrunk	8400	E	0.1839980256905086	supp
ARREST_shrunk	8500	A	0.010000000000000009	supp
ARREST_shrunk	8500	B	0.9999999837630253	supp
ARREST_shrunk	8500	C	0.09536334127938129	supp
ARREST_shrunk	8500	D	0.08850509842657184	supp
ARREST_shrunk	8500	E	0.1866547075362156	supp
ARREST_shrunk	8600	A	0.010000000000000009	supp
ARREST_shrunk	8600	B	0.9999999876287956	supp
ARREST_shrunk	8600	C	0.09662663993356302	supp
ARREST_shrunk	8600	D	0.08966057436354602	supp
ARREST_shrunk	8600	E	0.1893192480847773	supp
ARREST_shrunk	8700	A	0.010000000000000009	supp
ARREST_shrunk	8700	B	0.999999990579858	supp
ARREST_shrunk	8700	C	0.09789485298738765	supp
ARREST_shrunk	8700	D	0.09082053832437309	supp
ARREST_shrunk	8700	E	0.19199145414226804	supp
ARREST_shrunk	8800	A	0.010000000000000009	supp
ARREST_shrunk	8800	B	0.9999999928312139	supp
ARREST_shrunk	8800	C	0.09916794164171383	supp
ARREST_shrunk	8800	D	0.09198495853102351	supp
ARREST_shrunk	8800	E	0.19467113348022858	supp
ARREST_shrunk	8900	A	0.010000000000000009	supp
ARREST_shrunk	8900	B	0.9999999945476902	supp
ARREST_shrunk	8900	C	0.10044586711092296	supp
ARREST_shrunk	8900	D	0.09315380320759448	supp
ARREST_shrunk	8900	E	0.19735809484967293	supp
ARREST_shrunk	9000	A	0.010000000000000009	supp
ARREST_shrunk	9000	B	0.999999995855558	supp
ARREST_shrunk	9000	C	0.10172859062476469	supp
ARREST_shrunk	9000	D	0.09432704058170771	supp
ARREST_shrunk	9000	E	0.2000521479947024	supp
ARREST_shrunk	9100	A	0.010000000000000009	supp
ARREST_shrunk	9100	B	0.999999996851483	supp
ARREST_shrunk	9100	C	0.1030160734301836	supp
ARREST_shrunk	9100	D	0.095504638885896	supp
ARREST_shrunk	9100	E	0.2027531036657374	supp
ARREST_shrunk	9200	A	0.010000000000000009	supp
ARREST_shrunk	9200	B	0.999999997609415	supp
ARREST_shrunk	9200	C	0.10430827679312615	supp
ARREST_shrunk	9200	D	0.09668656635897488	supp
ARREST_shrunk	9200	E	0.20546077363236726	supp
ARREST_shrunk	9300	A	0.010000000000000009	supp
ARREST_shrunk	9300	B	0.9999999981858879	supp
ARREST_shrunk	9300	C	0.10560516200032977	supp
ARREST_shrunk	9300	D	0.09787279124740333	supp
ARREST_shrunk	9300	E	0.20817497069582513	supp
ARREST_shrunk	9400	A	0.010000000000000009	supp
ARREST_shrunk	9400	B	0.9999999986240922	supp
ARREST_shrunk	9400	C	0.1069066903610928	supp
ARREST_shrunk	9400	D	0.09906328180663027	supp
ARREST_shrunk	9400	E	0.21089550870109242	supp
ARREST_shrunk	9500	A	0.010000000000000009	supp
ARREST_shrunk	9500	B	0.9999999989570024	supp
ARREST_shrunk	9500	C	0.10821282320902637	supp
ARREST_shrunk	9500	D	0.10025800630242843	supp
ARREST_shrunk	9500	E	0.2136222025486374	supp
ARREST_shrunk	9600	A	0.010000000000000009	supp
ARREST_shrunk	9600	B	0.9999999992097774	supp
ARREST_shrunk	9600	C	0.10952352190378756	supp
ARREST_shrunk	9600	D	0.10145693301221625	supp
ARREST_shrunk	9600	E	0.21635486820579186	supp
ARREST_shrunk	9700	A	0.010000000000000009	supp
ARREST_shrunk	9700	B	0.999999999401601	supp
ARREST_shrunk	9700	C	0.11083874783279368	supp
ARREST_shrunk	9700	D	0.10266003022636605	supp
ARREST_shrunk	9700	E	0.21909332271777138	supp
ARREST_shrunk	9800	A	0.010000000000000009	supp
ARREST_shrunk	9800	B	0.999999999547091	supp
ARREST_shrunk	9800	C	0.11215846241291949	supp
ARREST_shrunk	9800	D	0.1038672662495006	supp
ARREST_shrunk	9800	E	0.22183738421834487	supp
ARREST_shrunk	9900	A	0.010000000000000009	supp
ARREST_shrunk	9900	B	0.99999999965738	supp
ARREST_shrunk	9900	C	0.11348262709217538	supp
ARREST_shrunk	9900	D	0.10507860940177594	supp
ARREST_shrunk	9900	E	0.22458687194015492	supp
ARREST_shrunk	10000	A	0.010000000000000009	supp
ARREST_shrunk	10000	B	0.9999999997409406	supp
ARREST_shrunk	10000	C	0.11481120335136752	supp
ARREST_shrunk	10000	D	0.10629402802015342	supp
ARREST_shrunk	10000	E	0.22734160622469746	supp
ARREST_shrunk	10100	A	0.010000000000000009	supp
ARREST_shrunk	10100	B	0.9999999998042175	supp
ARREST_shrunk	10100	C	0.11614415270574063	supp
ARREST_shrunk	10100	D	0.10751349045965763	supp
ARREST_shrunk	10100	E	0.23010140853196093	supp
ARREST_shrunk	10200	A	0.010000000000000009	supp
ARREST_shrunk	10200	B	0.99999999985211	supp
ARREST_shrunk	10200	C	0.11748143670660227	supp
ARREST_shrunk	10200	D	0.10873696509462272	supp
ARREST_shrunk	10200	E	0.23286610144973496	supp
ARREST_shrunk	10300	A	0.010000000000000009	supp
ARREST_shrunk	10300	B	0.9999999998883401	supp
ARREST_shrunk	10300	C	0.11882301694292963	supp
ARREST_shrunk	10300	D	0.10996442031992648	supp
ARREST_shrunk	10300	E	0.23563550870258654	supp
ARREST_shrunk	10400	A	0.010000000000000009	supp
ARREST_shrunk	10400	B	0.9999999999157341	supp
ARREST_shrunk	10400	C	0.12016885504295871	supp
ARREST_shrunk	10400	D	0.11119582455221177	supp
ARREST_shrunk	10400	E	0.23840945516051493	supp
ARREST_shrunk	10500	A	0.010000000000000009	supp
ARREST_shrunk	10500	B	0.9999999999364367	supp
ARREST_shrunk	10500	C	0.12151891267575565	supp
ARREST_shrunk	10500	D	0.11243114623109662	supp
ARREST_shrunk	10500	E	0.24118776684728327	supp
ARREST_shrunk	10600	A	0.010000000000000009	supp
ARREST_shrunk	10600	B	0.999999999952075	supp
ARREST_shrunk	10600	C	0.12287315155277156	supp
ARREST_shrunk	10600	D	0.11367035382037083	supp
ARREST_shrunk	10600	E	0.24397027094843804	supp
ARREST_shrunk	10700	A	0.010000000000000009	supp
ARREST_shrunk	10700	B	0.9999999999638822	supp
ARREST_shrunk	10700	C	0.1242315334293781	supp
ARREST_shrunk	10700	D	0.1149134158091818	supp
ARREST_shrunk	10700	E	0.24675679581901333	supp
ARREST_shrunk	10800	A	0.010000000000000009	supp
ARREST_shrunk	10800	B	0.9999999999727925	supp
ARREST_shrunk	10800	C	0.12559402010638743	supp
ARREST_shrunk	10800	D	0.11616030071320715	supp
ARREST_shrunk	10800	E	0.24954717099093127	supp
ARREST_shrunk	10900	A	0.010000000000000009	supp
ARREST_shrunk	10900	B	0.9999999999795136	supp
ARREST_shrunk	10900	C	0.12696057343155442	supp
ARREST_shrunk	10900	D	0.11741097707581727	supp
ARREST_shrunk	10900	E	0.2523412271800991	supp
ARREST_shrunk	11000	A	0.010000000000000009	supp
ARREST_shrunk	11000	B	0.9999999999845811	supp
ARREST_shrunk	11000	C	0.12833115530106187	supp
ARREST_shrunk	11000	D	0.11866541346922355	supp
ARREST_shrunk	11000	E	0.25513879629320635	supp
ARREST_shrunk	11100	A	0.010000000000000009	supp
ARREST_shrunk	11100	B	0.9999999999884001	supp
ARREST_shrunk	11100	C	0.1297057276609882	supp
ARREST_shrunk	11100	D	0.1199235784956163	supp
ARREST_shrunk	11100	E	0.25793971143423033	supp
ARREST_shrunk	11200	A	0.010000000000000009	supp
ARREST_shrunk	11200	B	0.9999999999912769	supp
ARREST_shrunk	11200	C	0.13108425250875955	supp
ARREST_shrunk	11200	D	0.1211854407882913	supp
ARREST_shrunk	11200	E	0.26074380691065047	supp
ARREST_shrunk	11300	A	0.010000000000000009	supp
ARREST_shrunk	11300	B	0.9999999999934429	supp
ARREST_shrunk	11300	C	0.13246669189458282	supp
ARREST_shrunk	11300	D	0.1224509690127632	supp
ARREST_shrunk	11300	E	0.2635509182393775	supp
ARREST_shrunk	11400	A	0.010000000000000009	supp
ARREST_shrunk	11400	B	0.9999999999950732	supp
ARREST_shrunk	11400	C	0.13385300792286492	supp
ARREST_shrunk	11400	D	0.12372013186786812	supp
ARREST_shrunk	11400	E	0.26636088215240117	supp
ARREST_shrunk	11500	A	0.010000000000000009	supp
ARREST_shrunk	11500	B	0.9999999999962996	supp
ARREST_shrunk	11500	C	0.13524316275361292	supp
ARREST_shrunk	11500	D	0.12499289808685476	supp
ARREST_shrunk	11500	E	0.2691735366021609	supp
ARREST_shrunk	11600	A	0.010000000000000009	supp
ARREST_shrunk	11600	B	0.9999999999972219	supp
ARREST_shrunk	11600	C	0.13663711860381889	supp
ARREST_shrunk	11600	D	0.12626923643846366	supp
ARREST_shrunk	11600	E	0.2719887207666435	supp
ARREST_shrunk	11700	A	0.010000000000000009	supp
ARREST_shrunk	11700	B	0.9999999999979151	supp
ARREST_shrunk	11700	C	0.1380348377488283	supp
ARREST_shrunk	11700	D	0.12754911572799565	supp
ARREST_shrunk	11700	E	0.27480627505421173	supp
ARREST_shrunk	11800	A	0.010000000000000009	supp
ARREST_shrunk	11800	B	0.9999999999984359	supp
ARREST_shrunk	11800	C	0.13943628252369156	supp
ARREST_shrunk	11800	D	0.1288325047983674	supp
ARREST_shrunk	11800	E	0.27762604110816735	supp
ARREST_shrunk	11900	A	0.010000000000000009	supp
ARREST_shrunk	11900	B	0.9999999999988272	supp
ARREST_shrunk	11900	C	0.14084141532449979	supp
ARREST_shrunk	11900	D	0.13011937253115724	supp
ARREST_shrunk	11900	E	0.2804478618110541	supp
ARREST_shrunk	12000	A	0.010000000000000009	supp
ARREST_shrunk	12000	B	0.9999999999991208	supp
ARREST_shrunk	12000	C	0.1422501986097049	supp
ARREST_shrunk	12000	D	0.13140968784763918	supp
ARREST_shrunk	12000	E	0.2832715812887041	supp
ARREST_shrunk	12100	A	0.010000000000000009	supp
ARREST_shrunk	12100	B	0.9999999999993412	supp
ARREST_shrunk	12100	C	0.14366259490142186	supp
ARREST_shrunk	12100	D	0.13270341970980515	supp
ARREST_shrunk	12100	E	0.2860970449140299	supp
ARREST_shrunk	12200	A	0.010000000000000009	supp
ARREST_shrunk	12200	B	0.9999999999995065	supp
ARREST_shrunk	12200	C	0.14507856678671727	supp
ARREST_shrunk	12200	D	0.13400053712137672	supp
ARREST_shrunk	12200	E	0.2889240993105685	supp
ARREST_shrunk	12300	A	0.010000000000000009	supp
ARREST_shrunk	12300	B	0.9999999999996305	supp
ARREST_shrunk	12300	C	0.14649807691888106	supp
ARREST_shrunk	12300	D	0.13530100912880572	supp
ARREST_shrunk	12300	E	0.291752592355781	supp
ARREST_shrunk	12400	A	0.010000000000000009	supp
ARREST_shrunk	12400	B	0.9999999999997234	supp
ARREST_shrunk	12400	C	0.14792108801868187	supp
ARREST_shrunk	12400	D	0.13660480482226323	supp
ARREST_shrunk	12400	E	0.2945823731841084	supp
ARREST_shrunk	12500	A	0.010000000000000009	supp
ARREST_shrunk	12500	B	0.999999999999793	supp
ARREST_shrunk	12500	C	0.1493475628756077	supp
ARREST_shrunk	12500	D	0.13791189333661813	supp
ARREST_shrunk	12500	E	0.2974132921897936	supp
ARREST_shrunk	12600	A	0.010000000000000009	supp
ARREST_shrunk	12600	B	0.9999999999998452	supp
ARREST_shrunk	12600	C	0.15077746434909056	supp
ARREST_shrunk	12600	D	0.13922224385240456	supp
ARREST_shrunk	12600	E	0.3002452010294663	supp
ARREST_shrunk	12700	A	0.010000000000000009	supp
ARREST_shrunk	12700	B	0.9999999999998843	supp
ARREST_shrunk	12700	C	0.15221075536971607	supp
ARREST_shrunk	12700	D	0.14053582559677857	supp
ARREST_shrunk	12700	E	0.30307795262450055	supp
ARREST_shrunk	12800	A	0.010000000000000009	supp
ARREST_shrunk	12800	B	0.9999999999999135	supp
ARREST_shrunk	12800	C	0.15364739894041723	supp
ARREST_shrunk	12800	D	0.14185260784446418	supp
ARREST_shrunk	12800	E	0.30591140116314564	supp
ARREST_shrunk	12900	A	0.010000000000000009	supp
ARREST_shrunk	12900	B	0.9999999999999354	supp
ARREST_shrunk	12900	C	0.15508735813765284	supp
ARREST_shrunk	12900	D	0.1431725599186876	supp
ARREST_shrunk	12900	E	0.3087454021024332	supp
ARREST_shrunk	13000	A	0.010000000000000009	supp
ARREST_shrunk	13000	B	0.9999999999999517	supp
ARREST_shrunk	13000	C	0.15653059611257147	supp
ARREST_shrunk	13000	D	0.14449565119210273	supp
ARREST_shrunk	13000	E	0.3115798121698673	supp
ARREST_shrunk	13100	A	0.010000000000000009	supp
ARREST_shrunk	13100	B	0.9999999999999639	supp
ARREST_shrunk	13100	C	0.15797707609215894	supp
ARREST_shrunk	13100	D	0.14582185108770362	supp
ARREST_shrunk	13100	E	0.3144144893648989	supp
ARREST_shrunk	13200	A	0.010000000000000009	supp
ARREST_shrunk	13200	B	0.9999999999999731	supp
ARREST_shrunk	13200	C	0.15942676138037337	supp
ARREST_shrunk	13200	D	0.14715112907972927	supp
ARREST_shrunk	13200	E	0.3172492929601892	supp
ARREST_shrunk	13300	A	0.010000000000000009	supp
ARREST_shrunk	13300	B	0.9999999999999799	supp
ARREST_shrunk	13300	C	0.16087961535926198	supp
ARREST_shrunk	13300	D	0.14848345469455482	supp
ARREST_shrunk	13300	E	0.3200840835026635	supp
ARREST_shrunk	13400	A	0.010000000000000009	supp
ARREST_shrunk	13400	B	0.999999999999985	supp
ARREST_shrunk	13400	C	0.1623356014900661	supp
ARREST_shrunk	13400	D	0.14981879751157445	supp
ARREST_shrunk	13400	E	0.32291872281436285	supp
ARREST_shrunk	13500	A	0.010000000000000009	supp
ARREST_shrunk	13500	B	0.9999999999999888	supp
ARREST_shrunk	13500	C	0.16379468331430935	supp
ARREST_shrunk	13500	D	0.1511571271640738	supp
ARREST_shrunk	13500	E	0.3257530739930935	supp
ARREST_shrunk	13600	A	0.010000000000000009	supp
ARREST_shrunk	13600	B	0.9999999999999917	supp
ARREST_shrunk	13600	C	0.16525682445487233	supp
ARREST_shrunk	13600	D	0.15249841334009018	supp
ARREST_shrunk	13600	E	0.32858700141287966	supp
ARREST_shrunk	13700	A	0.010000000000000009	supp
ARREST_shrunk	13700	B	0.9999999999999938	supp
ARREST_shrunk	13700	C	0.16672198861705312	supp
ARREST_shrunk	13700	D	0.15384262578326502	supp
ARREST_shrunk	13700	E	0.3314203707242217	supp
ARREST_shrunk	13800	A	0.010000000000000009	supp
ARREST_shrunk	13800	B	0.9999999999999953	supp
ARREST_shrunk	13800	C	0.1681901395896117	supp
ARREST_shrunk	13800	D	0.15518973429368432	supp
ARREST_shrunk	13800	E	0.33425304885416485	supp
ARREST_shrunk	13900	A	0.010000000000000009	supp
ARREST_shrunk	13900	B	0.9999999999999966	supp
ARREST_shrunk	13900	C	0.16966124124580162	supp
ARREST_shrunk	13900	D	0.15653970872871004	supp
ARREST_shrunk	13900	E	0.3370849040061794	supp
ARREST_shrunk	14000	A	0.010000000000000009	supp
ARREST_shrunk	14000	B	0.9999999999999974	supp
ARREST_shrunk	14000	C	0.17113525754438708	supp
ARREST_shrunk	14000	D	0.15789251900380008	supp
ARREST_shrunk	14000	E	0.33991580565985813	supp
ARREST_shrunk	14100	A	0.010000000000000009	supp
ARREST_shrunk	14100	B	0.9999999999999981	supp
ARREST_shrunk	14100	C	0.17261215253064566	supp
ARREST_shrunk	14100	D	0.15924813509332025	supp
ARREST_shrunk	14100	E	0.34274562457043345	supp
ARREST_shrunk	14200	A	0.010000000000000009	supp
ARREST_shrunk	14200	B	0.9999999999999986	supp
ARREST_shrunk	14200	C	0.1740918903373564	supp
ARREST_shrunk	14200	D	0.16060652703134448	supp
ARREST_shrunk	14200	E	0.3455742327681156	supp
ARREST_shrunk	14300	A	0.010000000000000009	supp
ARREST_shrunk	14300	B	0.9999999999999989	supp
ARREST_shrunk	14300	C	0.1755744351857753	supp
ARREST_shrunk	14300	D	0.16196766491244563	supp
ARREST_shrunk	14300	E	0.34840150355726074	supp
ARREST_shrunk	14400	A	0.010000000000000009	supp
ARREST_shrunk	14400	B	0.9999999999999992	supp
ARREST_shrunk	14400	C	0.1770597513865959	supp
ARREST_shrunk	14400	D	0.16333151889247655	supp
ARREST_shrunk	14400	E	0.3512273115153626	supp
ARREST_shrunk	14500	A	0.010000000000000009	supp
ARREST_shrunk	14500	B	0.9999999999999994	supp
ARREST_shrunk	14500	C	0.17854780334089626	supp
ARREST_shrunk	14500	D	0.16469805918934188	supp
ARREST_shrunk	14500	E	0.3540515324918826	supp
ARREST_shrunk	14600	A	0.010000000000000009	supp
ARREST_shrunk	14600	B	0.9999999999999996	supp
ARREST_shrunk	14600	C	0.1800385555410725	supp
ARREST_shrunk	14600	D	0.16606725608375916	supp
ARREST_shrunk	14600	E	0.356874043606911	supp
ARREST_shrunk	14700	A	0.010000000000000009	supp
ARREST_shrunk	14700	B	0.9999999999999997	supp
ARREST_shrunk	14700	C	0.18153197257175868	supp
ARREST_shrunk	14700	D	0.16743907992001061	supp
ARREST_shrunk	14700	E	0.35969472324967	supp
ARREST_shrunk	14800	A	0.010000000000000009	supp
ARREST_shrunk	14800	B	0.9999999999999998	supp
ARREST_shrunk	14800	C	0.18302801911073296	supp
ARREST_shrunk	14800	D	0.16881350110668591	supp
ARREST_shrunk	14800	E	0.36251345107685584	supp
ARREST_shrunk	14900	A	0.010000000000000009	supp
ARREST_shrunk	14900	B	0.9999999999999998	supp
ARREST_shrunk	14900	C	0.18452665992981065	supp
ARREST_shrunk	14900	D	0.1701904901174146	supp
ARREST_shrunk	14900	E	0.36533010801082877	supp
ARREST_shrunk	15000	A	0.010000000000000009	supp
ARREST_shrunk	15000	B	0.9999999999999999	supp
ARREST_shrunk	15000	C	0.18602785989572357	supp
ARREST_shrunk	15000	D	0.17157001749158884	supp
ARREST_shrunk	15000	E	0.36814457623764807	supp
ARREST_shrunk	15100	A	0.010000000000000009	supp
ARREST_shrunk	15100	B	0.9999999999999999	supp
ARREST_shrunk	15100	C	0.1875315839709868	supp
ARREST_shrunk	15100	D	0.17295205383507795	supp
ARREST_shrunk	15100	E	0.37095673920495953	supp
ARREST_shrunk	15200	A	0.010000000000000009	supp
ARREST_shrunk	15200	B	0.9999999999999999	supp
ARREST_shrunk	15200	C	0.18903779721475134	supp
ARREST_shrunk	15200	D	0.17433656982093226	supp
ARREST_shrunk	15200	E	0.37376648161973847	supp
ARREST_shrunk	15300	A	0.010000000000000009	supp
ARREST_shrunk	15300	B	1	supp
ARREST_shrunk	15300	C	0.1905464647836449	supp
ARREST_shrunk	15300	D	0.1757235361900783	supp
ARREST_shrunk	15300	E	0.37657368944588454	supp
ARREST_shrunk	15400	A	0.010000000000000009	supp
ARREST_shrunk	15400	B	1	supp
ARREST_shrunk	15400	C	0.19205755193259877	supp
ARREST_shrunk	15400	D	0.1771129237520045	supp
ARREST_shrunk	15400	E	0.3793782499016817	supp
ARREST_shrunk	15500	A	0.010000000000000009	supp
ARREST_shrunk	15500	B	1	supp
ARREST_shrunk	15500	C	0.19357102401566173	supp
ARREST_shrunk	15500	D	0.178504703385438	supp
ARREST_shrunk	15500	E	0.38218005145711775	supp
ARREST_shrunk	15600	A	0.010000000000000009	supp
ARREST_shrunk	15600	B	1	supp
ARREST_shrunk	15600	C	0.19508684648680263	supp
ARREST_shrunk	15600	D	0.17989884603901152	supp
ARREST_shrunk	15600	E	0.3849789838310703	supp
ARREST_shrunk	15700	A	0.010000000000000009	supp
ARREST_shrunk	15700	B	1	supp
ARREST_shrunk	15700	C	0.19660498490069833	supp
ARREST_shrunk	15700	D	0.18129532273192261	supp
ARREST_shrunk	15700	E	0.38777493798835894	supp
ARREST_shrunk	15800	A	0.010000000000000009	supp
ARREST_shrunk	15800	B	1	supp
ARREST_shrunk	15800	C	0.1981254049135106	supp
ARREST_shrunk	15800	D	0.18269410455458168	supp
ARREST_shrunk	15800	E	0.3905678061366731	supp
ARREST_shrunk	15900	A	0.010000000000000009	supp
ARREST_shrunk	15900	B	1	supp
ARREST_shrunk	15900	C	0.19964807228364922	supp
ARREST_shrunk	15900	D	0.1840951626692532	supp
ARREST_shrunk	15900	E	0.3933574817233678	supp
ARREST_shrunk	16000	A	0.010000000000000009	supp
ARREST_shrunk	16000	B	1	supp
ARREST_shrunk	16000	C	0.2011729528725239	supp
ARREST_shrunk	16000	D	0.18549846831068662	supp
ARREST_shrunk	16000	E	0.3961438594321395	supp
ARREST_shrunk	16100	A	0.010000000000000009	supp
ARREST_shrunk	16100	B	1	supp
ARREST_shrunk	16100	C	0.2027000126452828	supp
ARREST_shrunk	16100	D	0.1869039927867392	supp
ARREST_shrunk	16100	E	0.3989268351795813	supp
ARREST_shrunk	16200	A	0.010000000000000009	supp
ARREST_shrunk	16200	B	1	supp
ARREST_shrunk	16200	C	0.20422921767154	supp
ARREST_shrunk	16200	D	0.1883117074789894	supp
ARREST_shrunk	16200	E	0.40170630611161706	supp
ARREST_shrunk	16300	A	0.010000000000000009	supp
ARREST_shrunk	16300	B	1	supp
ARREST_shrunk	16300	C	0.2057605341260892	supp
ARREST_shrunk	16300	D	0.1897215838433418	supp
ARREST_shrunk	16300	E	0.4044821705998233	supp
ARREST_shrunk	16400	A	0.010000000000000009	supp
ARREST_shrunk	16400	B	1	supp
ARREST_shrunk	16400	C	0.20729392828960658	supp
ARREST_shrunk	16400	D	0.19113359341062353	supp
ARREST_shrunk	16400	E	0.4072543282376351	supp
ARREST_shrunk	16500	A	0.010000000000000009	supp
ARREST_shrunk	16500	B	1	supp
ARREST_shrunk	16500	C	0.2088293665493417	supp
ARREST_shrunk	16500	D	0.19254770778717156	supp
ARREST_shrunk	16500	E	0.41002267983644347	supp
ARREST_shrunk	16600	A	0.010000000000000009	supp
ARREST_shrunk	16600	B	1	supp
ARREST_shrunk	16600	C	0.21036681539979518	supp
ARREST_shrunk	16600	D	0.19396389865541175	supp
ARREST_shrunk	16600	E	0.41278712742158485	supp
ARREST_shrunk	16700	A	0.010000000000000009	supp
ARREST_shrunk	16700	B	1	supp
ARREST_shrunk	16700	C	0.21190624144338677	supp
ARREST_shrunk	16700	D	0.1953821377744296	supp
ARREST_shrunk	16700	E	0.4155475742282233	supp
ARREST_shrunk	16800	A	0.010000000000000009	supp
ARREST_shrunk	16800	B	1	supp
ARREST_shrunk	16800	C	0.21344761139110946	supp
ARREST_shrunk	16800	D	0.19680239698053204	supp
ARREST_shrunk	16800	E	0.41830392469713185	supp
ARREST_shrunk	16900	A	0.010000000000000009	supp
ARREST_shrunk	16900	B	1	supp
ARREST_shrunk	16900	C	0.214990892063173	supp
ARREST_shrunk	16900	D	0.19822464818780028	supp
ARREST_shrunk	16900	E	0.4210560844703727	supp
ARREST_shrunk	17000	A	0.010000000000000009	supp
ARREST_shrunk	17000	B	1	supp
ARREST_shrunk	17000	C	0.21653605038963653	supp
ARREST_shrunk	17000	D	0.19964886338863685	supp
ARREST_shrunk	17000	E	0.42380396038687795	supp
ARREST_shrunk	17100	A	0.010000000000000009	supp
ARREST_shrunk	17100	B	1	supp
ARREST_shrunk	17100	C	0.21808305341102785	supp
ARREST_shrunk	17100	D	0.2010750146543001	supp
ARREST_shrunk	17100	E	0.426547460477937	supp
ARREST_shrunk	17200	A	0.010000000000000009	supp
ARREST_shrunk	17200	B	1	supp
ARREST_shrunk	17200	C	0.21963186827895365	supp
ARREST_shrunk	17200	D	0.20250307413543467	supp
ARREST_shrunk	17200	E	0.42928649396258867	supp
ARREST_shrunk	17300	A	0.010000000000000009	supp
ARREST_shrunk	17300	B	1	supp
ARREST_shrunk	17300	C	0.22118246225669647	supp
ARREST_shrunk	17300	D	0.20393301406259112	supp
ARREST_shrunk	17300	E	0.43202097124292327	supp
ARREST_shrunk	17400	A	0.010000000000000009	supp
ARREST_shrunk	17400	B	1	supp
ARREST_shrunk	17400	C	0.2227348027198014	supp
ARREST_shrunk	17400	D	0.2053648067467384	supp
ARREST_shrunk	17400	E	0.43475080389929543	supp
ARREST_shrunk	17500	A	0.010000000000000009	supp
ARREST_shrunk	17500	B	1	supp
ARREST_shrunk	17500	C	0.22428885715665126	supp
ARREST_shrunk	17500	D	0.2067984245797676	supp
ARREST_shrunk	17500	E	0.4374759046854504	supp
ARREST_shrunk	17600	A	0.010000000000000009	supp
ARREST_shrunk	17600	B	1	supp
ARREST_shrunk	17600	C	0.22584459316903216	supp
ARREST_shrunk	17600	D	0.20823384003498924	supp
ARREST_shrunk	17600	E	0.44019618752356704	supp
ARREST_shrunk	17700	A	0.010000000000000009	supp
ARREST_shrunk	17700	B	1	supp
ARREST_shrunk	17700	C	0.2274019784726845	supp
ARREST_shrunk	17700	D	0.20967102566761986	supp
ARREST_shrunk	17700	E	0.4429115674992179	supp
ARREST_shrunk	17800	A	0.010000000000000009	supp
ARREST_shrunk	17800	B	1	supp
ARREST_shrunk	17800	C	0.22896098089784778	supp
ARREST_shrunk	17800	D	0.21110995411526345	supp
ARREST_shrunk	17800	E	0.44562196085624894	supp
ARREST_shrunk	17900	A	0.010000000000000009	supp
ARREST_shrunk	17900	B	1	supp
ARREST_shrunk	17900	C	0.23052156838979165	supp
ARREST_shrunk	17900	D	0.21255059809838384	supp
ARREST_shrunk	17900	E	0.4483272849915835	supp
ARREST_shrunk	18000	A	0.010000000000000009	supp
ARREST_shrunk	18000	B	1	supp
ARREST_shrunk	18000	C	0.23208370900933573	supp
ARREST_shrunk	18000	D	0.2139929304207686	supp
ARREST_shrunk	18000	E	0.45102745844994774	supp
ARREST_shrunk	18100	A	0.010000000000000009	supp
ARREST_shrunk	18100	B	1	supp
ARREST_shrunk	18100	C	0.23364737093336185	supp
ARREST_shrunk	18100	D	0.21543692396998582	supp
ARREST_shrunk	18100	E	0.4537224009185271	supp
ARREST_shrunk	18200	A	0.010000000000000009	supp
ARREST_shrunk	18200	B	1	supp
ARREST_shrunk	18200	C	0.23521252245531266	supp
ARREST_shrunk	18200	D	0.21688255171783422	supp
ARREST_shrunk	18200	E	0.4564120332215462	supp
ARREST_shrunk	18300	A	0.010000000000000009	supp
ARREST_shrunk	18300	B	1	supp
ARREST_shrunk	18300	C	0.23677913198568123	supp
ARREST_shrunk	18300	D	0.21832978672078318	supp
ARREST_shrunk	18300	E	0.45909627731478253	supp
ARREST_shrunk	18400	A	0.010000000000000009	supp
ARREST_shrunk	18400	B	1	supp
ARREST_shrunk	18400	C	0.23834716805249023	supp
ARREST_shrunk	18400	D	0.21977860212040756	supp
ARREST_shrunk	18400	E	0.4617750562800125	supp
ARREST_shrunk	18500	A	0.010000000000000009	supp
ARREST_shrunk	18500	B	1	supp
ARREST_shrunk	18500	C	0.23991659930176024	supp
ARREST_shrunk	18500	D	0.2212289711438138	supp
ARREST_shrunk	18500	E	0.46444829431939205	supp
ARREST_shrunk	18600	A	0.010000000000000009	supp
ARREST_shrunk	18600	B	1	supp
ARREST_shrunk	18600	C	0.2414873944979683	supp
ARREST_shrunk	18600	D	0.2226808671040582	supp
ARREST_shrunk	18600	E	0.4671159167497728	supp
ARREST_shrunk	18700	A	0.010000000000000009	supp
ARREST_shrunk	18700	B	1	supp
ARREST_shrunk	18700	C	0.24305952252449714	supp
ARREST_shrunk	18700	D	0.22413426340055886	supp
ARREST_shrunk	18700	E	0.4697778499969586	supp
ARREST_shrunk	18800	A	0.010000000000000009	supp
ARREST_shrunk	18800	B	1	supp
ARREST_shrunk	18800	C	0.244632952384072	supp
ARREST_shrunk	18800	D	0.22558913351949939	supp
ARREST_shrunk	18800	E	0.47243402158990044	supp
ARREST_shrunk	18900	A	0.010000000000000009	supp
ARREST_shrunk	18900	B	1	supp
ARREST_shrunk	18900	C	0.24620765319918936	supp
ARREST_shrunk	18900	D	0.22704545103422524	supp
ARREST_shrunk	18900	E	0.4750843601548367	supp
ARREST_shrunk	19000	A	0.010000000000000009	supp
ARREST_shrunk	19000	B	1	supp
ARREST_shrunk	19000	C	0.24778359421253637	supp
ARREST_shrunk	19000	D	0.2285031896056332	supp
ARREST_shrunk	19000	E	0.4777287954093732	supp
ARREST_shrunk	19100	A	0.010000000000000009	supp
ARREST_shrunk	19100	B	1	supp
ARREST_shrunk	19100	C	0.24936074478739745	supp
ARREST_shrunk	19100	D	0.22996232298255392	supp
ARREST_shrunk	19100	E	0.4803672581565147	supp
ARREST_shrunk	19200	A	0.010000000000000009	supp
ARREST_shrunk	19200	B	1	supp
ARREST_shrunk	19200	C	0.2509390744080553	supp
ARREST_shrunk	19200	D	0.23142282500212652	supp
ARREST_shrunk	19200	E	0.48299968027864004	supp
ARREST_shrunk	19300	A	0.010000000000000009	supp
ARREST_shrunk	19300	B	1	supp
ARREST_shrunk	19300	C	0.2525185526801783	supp
ARREST_shrunk	19300	D	0.23288466959016496	supp
ARREST_shrunk	19300	E	0.4856259947314282	supp
ARREST_shrunk	19400	A	0.010000000000000009	supp
ARREST_shrunk	19400	B	1	supp
ARREST_shrunk	19400	C	0.2540991493312007	supp
ARREST_shrunk	19400	D	0.23434783076152177	supp
ARREST_shrunk	19400	E	0.48824613553773744	supp
ARREST_shrunk	19500	A	0.010000000000000009	supp
ARREST_shrunk	19500	B	1	supp
ARREST_shrunk	19500	C	0.255680834210693	supp
ARREST_shrunk	19500	D	0.23581228262043863	supp
ARREST_shrunk	19500	E	0.4908600377814343	supp
ARREST_shrunk	19600	A	0.010000000000000009	supp
ARREST_shrunk	19600	B	1	supp
ARREST_shrunk	19600	C	0.25726357729072225	supp
ARREST_shrunk	19600	D	0.23727799936089466	supp
ARREST_shrunk	19600	E	0.4934676376011813	supp
ARREST_shrunk	19700	A	0.010000000000000009	supp
ARREST_shrunk	19700	B	1	supp
ARREST_shrunk	19700	C	0.25884734866620374	supp
ARREST_shrunk	19700	D	0.23874495526694628	supp
ARREST_shrunk	19700	E	0.49606887218417717	supp
ARREST_shrunk	19800	A	0.010000000000000009	supp
ARREST_shrunk	19800	B	1	supp
ARREST_shrunk	19800	C	0.26043211855524184	supp
ARREST_shrunk	19800	D	0.24021312471305878	supp
ARREST_shrunk	19800	E	0.49866367975986003	supp
ARREST_shrunk	19900	A	0.010000000000000009	supp
ARREST_shrunk	19900	B	1	supp
ARREST_shrunk	19900	C	0.2620178572994648	supp
ARREST_shrunk	19900	D	0.241682482164434	supp
ARREST_shrunk	19900	E	0.5012519995935648	supp
ARREST_shrunk	20000	A	0.010000000000000009	supp
ARREST_shrunk	20000	B	1	supp
ARREST_shrunk	20000	C	0.26360453536434636	supp
ARREST_shrunk	20000	D	0.2431530021773285	supp
ARREST_shrunk	20000	E	0.503833771980147	supp
