test_type	event_rate_multiplier	proportion_multiplier	nns	nnr	bias
Perfect (100%)	1	1	24080	8565	0
Perfect (100%)	1	1.1	22041	7840	0
Perfect (100%)	1	1.2	20344	7236	0
Perfect (100%)	1	1.3	18911	6726	0
Perfect (100%)	1	1.4	17684	6290	0
Perfect (100%)	1	1.5	16624	5913	0
Perfect (100%)	1	1.6	15698	5583	0
Perfect (100%)	1	1.7000000000000002	14882	5294	0
Perfect (100%)	1	1.8	14160	5037	-1.3877787807814457e-16
Perfect (100%)	1	1.9	13515	4807	-1.3877787807814457e-16
Perfect (100%)	1	2	12937	4602	-1.3877787807814457e-16
Perfect (100%)	1.1	1	22041	7840	0
Perfect (100%)	1.1	1.1	20190	7181	-1.3877787807814457e-16
Perfect (100%)	1.1	1.2	18650	6634	0
Perfect (100%)	1.1	1.3	17350	6171	0
Perfect (100%)	1.1	1.4	16238	5776	0
Perfect (100%)	1.1	1.5	15277	5434	1.3877787807814457e-16
Perfect (100%)	1.1	1.6	14439	5136	-1.3877787807814457e-16
Perfect (100%)	1.1	1.7000000000000002	13701	4873	-1.3877787807814457e-16
Perfect (100%)	1.1	1.8	13048	4641	1.3877787807814457e-16
Perfect (100%)	1.1	1.9	12465	4434	2.7755575615628914e-16
Perfect (100%)	1.1	2	11943	4248	2.7755575615628914e-16
Perfect (100%)	1.2	1	20344	7236	0
Perfect (100%)	1.2	1.1	18650	6634	0
Perfect (100%)	1.2	1.2	17242	6133	0
Perfect (100%)	1.2	1.3	16053	5710	1.3877787807814457e-16
Perfect (100%)	1.2	1.4	15038	5349	0
Perfect (100%)	1.2	1.5	14160	5037	0
Perfect (100%)	1.2	1.6	13395	4764	0
Perfect (100%)	1.2	1.7000000000000002	12722	4525	1.3877787807814457e-16
Perfect (100%)	1.2	1.8	12127	4313	-1.3877787807814457e-16
Perfect (100%)	1.2	1.9	11597	4125	1.3877787807814457e-16
Perfect (100%)	1.2	2	11122	3956	-1.3877787807814457e-16
Perfect (100%)	1.3	1	18911	6726	0
Perfect (100%)	1.3	1.1	17350	6171	0
Perfect (100%)	1.3	1.2	16053	5710	1.3877787807814457e-16
Perfect (100%)	1.3	1.3	14960	5321	0
Perfect (100%)	1.3	1.4	14025	4989	0
Perfect (100%)	1.3	1.5	13219	4702	-1.3877787807814457e-16
Perfect (100%)	1.3	1.6	12516	4452	0
Perfect (100%)	1.3	1.7000000000000002	11899	4232	1.3877787807814457e-16
Perfect (100%)	1.3	1.8	11353	4038	1.3877787807814457e-16
Perfect (100%)	1.3	1.9	10868	3866	0
Perfect (100%)	1.3	2	10434	3711	0
Perfect (100%)	1.4	1	17684	6290	0
Perfect (100%)	1.4	1.1	16238	5776	0
Perfect (100%)	1.4	1.2	15038	5349	0
Perfect (100%)	1.4	1.3	14025	4989	0
Perfect (100%)	1.4	1.4	13161	4681	0
Perfect (100%)	1.4	1.5	12416	4416	1.3877787807814457e-16
Perfect (100%)	1.4	1.6	11767	4185	0
Perfect (100%)	1.4	1.7000000000000002	11198	3983	1.3877787807814457e-16
Perfect (100%)	1.4	1.8	10695	3804	0
Perfect (100%)	1.4	1.9	10249	3646	0
Perfect (100%)	1.4	2	9850	3504	-1.3877787807814457e-16
Perfect (100%)	1.5	1	16624	5913	0
Perfect (100%)	1.5	1.1	15277	5434	1.3877787807814457e-16
Perfect (100%)	1.5	1.2	14160	5037	0
Perfect (100%)	1.5	1.3	13219	4702	-1.3877787807814457e-16
Perfect (100%)	1.5	1.4	12416	4416	1.3877787807814457e-16
Perfect (100%)	1.5	1.5	11724	4170	1.3877787807814457e-16
Perfect (100%)	1.5	1.6	11122	3956	1.3877787807814457e-16
Perfect (100%)	1.5	1.7000000000000002	10595	3769	0
Perfect (100%)	1.5	1.8	10130	3603	-2.7755575615628914e-16
Perfect (100%)	1.5	1.9	9718	3457	-1.3877787807814457e-16
Perfect (100%)	1.5	2	9351	3326	-1.3877787807814457e-16
Perfect (100%)	1.6	1	15698	5583	0
Perfect (100%)	1.6	1.1	14439	5136	-1.3877787807814457e-16
Perfect (100%)	1.6	1.2	13395	4764	0
Perfect (100%)	1.6	1.3	12516	4452	0
Perfect (100%)	1.6	1.4	11767	4185	0
Perfect (100%)	1.6	1.5	11122	3956	1.3877787807814457e-16
Perfect (100%)	1.6	1.6	10562	3757	0
Perfect (100%)	1.6	1.7000000000000002	10073	3583	1.3877787807814457e-16
Perfect (100%)	1.6	1.8	9641	3430	1.3877787807814457e-16
Perfect (100%)	1.6	1.9	9260	3294	2.7755575615628914e-16
Perfect (100%)	1.6	2	8921	3173	0
Perfect (100%)	1.7000000000000002	1	14882	5294	0
Perfect (100%)	1.7000000000000002	1.1	13701	4873	-1.3877787807814457e-16
Perfect (100%)	1.7000000000000002	1.2	12722	4525	1.3877787807814457e-16
Perfect (100%)	1.7000000000000002	1.3	11899	4232	0
Perfect (100%)	1.7000000000000002	1.4	11198	3983	1.3877787807814457e-16
Perfect (100%)	1.7000000000000002	1.5	10595	3769	-1.3877787807814457e-16
Perfect (100%)	1.7000000000000002	1.6	10073	3583	0
Perfect (100%)	1.7000000000000002	1.7000000000000002	9616	3421	1.3877787807814457e-16
Perfect (100%)	1.7000000000000002	1.8	9215	3278	0
Perfect (100%)	1.7000000000000002	1.9	8861	3152	0
Perfect (100%)	1.7000000000000002	2	8547	3040	0
Perfect (100%)	1.8	1	14160	5037	-1.3877787807814457e-16
Perfect (100%)	1.8	1.1	13048	4641	0
Perfect (100%)	1.8	1.2	12127	4313	1.3877787807814457e-16
Perfect (100%)	1.8	1.3	11353	4038	1.3877787807814457e-16
Perfect (100%)	1.8	1.4	10695	3804	1.3877787807814457e-16
Perfect (100%)	1.8	1.5	10130	3603	2.7755575615628914e-16
Perfect (100%)	1.8	1.6	9641	3430	0
Perfect (100%)	1.8	1.7000000000000002	9215	3278	0
Perfect (100%)	1.8	1.8	8842	3145	0
Perfect (100%)	1.8	1.9	8513	3028	0
Perfect (100%)	1.8	2	8222	2925	-1.3877787807814457e-16
Perfect (100%)	1.9	1	13515	4807	-1.3877787807814457e-16
Perfect (100%)	1.9	1.1	12465	4434	2.7755575615628914e-16
Perfect (100%)	1.9	1.2	11597	4125	1.3877787807814457e-16
Perfect (100%)	1.9	1.3	10868	3866	0
Perfect (100%)	1.9	1.4	10249	3646	0
Perfect (100%)	1.9	1.5	9718	3457	-1.3877787807814457e-16
Perfect (100%)	1.9	1.6	9260	3294	0
Perfect (100%)	1.9	1.7000000000000002	8861	3152	0
Perfect (100%)	1.9	1.8	8513	3028	0
Perfect (100%)	1.9	1.9	8207	2919	0
Perfect (100%)	1.9	2	7938	2823	-1.3877787807814457e-16
Perfect (100%)	2	1	12937	4602	-1.3877787807814457e-16
Perfect (100%)	2	1.1	11943	4248	2.7755575615628914e-16
Perfect (100%)	2	1.2	11122	3956	-1.3877787807814457e-16
Perfect (100%)	2	1.3	10434	3711	0
Perfect (100%)	2	1.4	9850	3504	-1.3877787807814457e-16
Perfect (100%)	2	1.5	9351	3326	-1.3877787807814457e-16
Perfect (100%)	2	1.6	8921	3173	0
Perfect (100%)	2	1.7000000000000002	8547	3040	0
Perfect (100%)	2	1.8	8222	2925	-1.3877787807814457e-16
Perfect (100%)	2	1.9	7938	2823	-1.3877787807814457e-16
Perfect (100%)	2	2	7688	2735	0
Near-Perfect	1	1	27475	9851	0.01677145268682717
Near-Perfect	1	1.1	24884	8923	0.015365949112489119
Near-Perfect	1	1.2	22769	8164	0.014196627113239518
Near-Perfect	1	1.3	21011	7534	0.013210226884226628
Near-Perfect	1	1.4	19526	7001	0.012368432208525043
Near-Perfect	1	1.5	18257	6546	0.011642974793140387
Near-Perfect	1	1.6	17159	6153	0.011012545000786883
Near-Perfect	1	1.7000000000000002	16202	5810	0.010460776418125844
Near-Perfect	1	1.8	15360	5508	0.009974892630636556
Near-Perfect	1	1.9	14615	5240	0.009544775543146783
Near-Perfect	1	2	13950	5002	0.00916230960875472
Near-Perfect	1.1	1	25112	9005	0.016593169924790957
Near-Perfect	1.1	1.1	22767	8164	0.015212086226945531
Near-Perfect	1.1	1.2	20852	7477	0.014064169985288755
Near-Perfect	1.1	1.3	19260	6906	0.013096883325997732
Near-Perfect	1.1	1.4	17916	6424	0.012272432902316888
Near-Perfect	1.1	1.5	16768	6012	0.011562939224074198
Near-Perfect	1.1	1.6	15775	5657	0.010947388533193297
Near-Perfect	1.1	1.7000000000000002	14910	5346	0.010409644291869358
Near-Perfect	1.1	1.8	14150	5074	0.009937112081780552
Near-Perfect	1.1	1.9	13476	4832	0.009519820436806742
Near-Perfect	1.1	2	12876	4617	0.009149773903698921
Near-Perfect	1.2	1	23147	8300	0.01641850714358989
Near-Perfect	1.2	1.1	21006	7532	0.015061615915588716
Near-Perfect	1.2	1.2	19258	6905	0.013934967731498105
Near-Perfect	1.2	1.3	17805	6385	0.012986733925090171
Near-Perfect	1.2	1.4	16579	5945	0.01217963546563941
Near-Perfect	1.2	1.5	15532	5569	0.011486175988218134
Near-Perfect	1.2	1.6	14628	5245	0.010885633996658761
Near-Perfect	1.2	1.7000000000000002	13839	4963	0.010362100741273528
Near-Perfect	1.2	1.8	13147	4714	0.009903162890032513
Near-Perfect	1.2	1.9	12535	4495	0.009498995635628088
Near-Perfect	1.2	2	11990	4299	0.009141724425983433
Near-Perfect	1.3	1	21487	7705	0.016247329680393552
Near-Perfect	1.3	1.1	19519	6999	0.014914420459795047
Near-Perfect	1.3	1.2	17913	6423	0.013808919107510087
Near-Perfect	1.3	1.3	16578	5945	0.012879694278665421
Near-Perfect	1.3	1.4	15452	5541	0.012089973443241586
Near-Perfect	1.3	1.5	14491	5196	0.011412638374293821
Near-Perfect	1.3	1.6	13661	4899	0.010827256896222437
Near-Perfect	1.3	1.7000000000000002	12939	4640	0.010318146646674076
Near-Perfect	1.3	1.8	12305	4412	0.009873075186985797
Near-Perfect	1.3	1.9	11745	4211	0.009482365162373912
Near-Perfect	1.3	2	11247	4033	0.009138264555394598
Near-Perfect	1.4	1	20067	7195	0.016079509619979587
Near-Perfect	1.4	1.1	18248	6543	0.014770388369468063
Near-Perfect	1.4	1.2	16763	6011	0.01368592879774766
Near-Perfect	1.4	1.3	15530	5569	0.012775685846826784
Near-Perfect	1.4	1.4	14490	5196	0.012003386441578168
Near-Perfect	1.4	1.5	13603	4878	0.011342286242330829
Near-Perfect	1.4	1.6	12838	4604	0.010772240190979027
Near-Perfect	1.4	1.7000000000000002	12173	4365	0.010277791678065001
Near-Perfect	1.4	1.8	11589	4156	0.009846889781491286
Near-Perfect	1.4	1.9	11074	3971	0.009470006277903842
Near-Perfect	1.4	2	10617	3807	0.009139514290561201
Near-Perfect	1.5	1	18839	6755	0.01591492534731284
Near-Perfect	1.5	1.1	17149	6149	0.014629413986158052
Near-Perfect	1.5	1.2	15770	5655	0.013565907069418182
Near-Perfect	1.5	1.3	14625	5244	0.012674635663707273
Near-Perfect	1.5	1.4	13661	4898	0.011919819910188645
Near-Perfect	1.5	1.5	12838	4604	0.011275085897307247
Near-Perfect	1.5	1.6	12130	4350	0.010720574293130586
Near-Perfect	1.5	1.7000000000000002	11514	4129	0.010241054467043431
Near-Perfect	1.5	1.8	10975	3935	0.009824658570377343
Near-Perfect	1.5	1.9	10500	3765	0.009462010220126826
Near-Perfect	1.5	2	10079	3614	0.009145611435697337
Near-Perfect	1.6	1	17767	6371	0.015753461134949492
Near-Perfect	1.6	1.1	16190	5805	0.014491397118020749
Near-Perfect	1.6	1.2	14904	5344	0.013448769456536724
Near-Perfect	1.6	1.3	13837	4962	0.012576476078270393
Near-Perfect	1.6	1.4	12939	4640	0.01183922495462647
Near-Perfect	1.6	1.5	12173	4365	0.011211009999354427
Near-Perfect	1.6	1.6	11515	4129	0.010672257113299444
Near-Perfect	1.6	1.7000000000000002	10943	3924	0.010207962841660645
Near-Perfect	1.6	1.8	10443	3745	0.00980644503889469
Near-Perfect	1.6	1.9	10004	3587	0.009458483074164803
Near-Perfect	1.6	2	9615	3448	0.00915671298091078
Near-Perfect	1.7000000000000002	1	16823	6032	0.015595006762064323
Near-Perfect	1.7000000000000002	1.1	15347	5503	0.014356242703757904
Near-Perfect	1.7000000000000002	1.2	14143	5071	0.013334436471461125
Near-Perfect	1.7000000000000002	1.3	13145	4714	0.012481144522721394
Near-Perfect	1.7000000000000002	1.4	12305	4413	0.011761558179430781
Near-Perfect	1.7000000000000002	1.5	11591	4156	0.011150037509915944
Near-Perfect	1.7000000000000002	1.6	10977	3936	0.010627294153046862
Near-Perfect	1.7000000000000002	1.7000000000000002	10445	3745	0.010178554127704575
Near-Perfect	1.7000000000000002	1.8	9980	3579	0.009792324858612311
Near-Perfect	1.7000000000000002	1.9	9573	3433	0.009459546788245982
Near-Perfect	1.7000000000000002	2	9213	3304	0.00917299670144825
Near-Perfect	1.8	1	15987	5732	0.015439457162236436
Near-Perfect	1.8	1.1	14600	5235	0.014223860502981661
Near-Perfect	1.8	1.2	13470	4830	0.013222833341692747
Near-Perfect	1.8	1.3	12533	4494	0.012388583306710693
Near-Perfect	1.8	1.4	11746	4212	0.011686781559917037
Near-Perfect	1.8	1.5	11077	3972	0.01109215367368721
Near-Perfect	1.8	1.6	10503	3766	0.010585698646132763
Near-Perfect	1.8	1.7000000000000002	10007	3588	0.010152875520854449
Near-Perfect	1.8	1.8	9574	3433	0.009782386592098263
Near-Perfect	1.8	1.9	9196	3298	0.009465340352685536
Near-Perfect	1.8	2	8863	3178	0.009194663006120596
Near-Perfect	1.9	1	15240	5465	0.015286712097413696
Near-Perfect	1.9	1.1	13934	4996	0.014094164810703497
Near-Perfect	1.9	1.2	12870	4615	0.013113889769962028
Near-Perfect	1.9	1.3	11989	4299	0.012298739435739586
Near-Perfect	1.9	1.4	11250	4034	0.011614862341878723
Near-Perfect	1.9	1.5	10622	3809	0.011037350036514404
Near-Perfect	1.9	1.6	10084	3616	0.010547491750637406
Near-Perfect	1.9	1.7000000000000002	9620	3450	0.010130984535182769
Near-Perfect	1.9	1.8	9217	3305	0.00977673251554112
Near-Perfect	1.9	1.9	8866	3179	0.009476021162575454
Near-Perfect	1.9	2	8558	3069	0.009221937071030056
Near-Perfect	2	1	14571	5225	0.015136675855736498
Near-Perfect	2	1.1	13337	4782	0.013967074193890094
Near-Perfect	2	1.2	12333	4422	0.013007539715832406
Near-Perfect	2	1.3	11503	4125	0.01221156445244398
Near-Perfect	2	1.4	10806	3875	0.011545772968543477
Near-Perfect	2	1.5	10216	3663	0.010985624499848246
Near-Perfect	2	1.6	9712	3483	0.010512702794743395
Near-Perfect	2	1.7000000000000002	9278	3327	0.010112949534667043
Near-Perfect	2	1.8	8902	3192	0.009775479572634332
Near-Perfect	2	1.9	8575	3075	0.0094917665887429
Near-Perfect	2	2	8290	2973	0.009255071301732115
High Sens/High Spec	1	1	50635	18741	0.07916742350319186
High Sens/High Spec	1	1.1	43422	16071	0.07312858862449415
High Sens/High Spec	1	1.2	38007	14067	0.06802463623391089
High Sens/High Spec	1	1.3	33808	12513	0.06366081532790466
High Sens/High Spec	1	1.4	30465	11276	0.059893160112719945
High Sens/High Spec	1	1.5	27747	10270	0.05661295243840511
High Sens/High Spec	1	1.6	25497	9437	0.053736561154155454
High Sens/High Spec	1	1.7000000000000002	23607	8737	0.051198605540247244
High Sens/High Spec	1	1.8	22000	8142	0.04894723950527849
High Sens/High Spec	1	1.9	20617	7631	0.04694082665701965
High Sens/High Spec	1	2	19416	7186	0.04514555002916526
High Sens/High Spec	1.1	1	45928	16999	0.0783789310923908
High Sens/High Spec	1.1	1.1	39474	14610	0.0724397306362965
High Sens/High Spec	1.1	1.2	34621	12814	0.06742499964528184
High Sens/High Spec	1.1	1.3	30852	11419	0.06314227686534155
High Sens/High Spec	1.1	1.4	27848	10307	0.059449315166566014
High Sens/High Spec	1.1	1.5	25404	9403	0.05623871440252465
High Sens/High Spec	1.1	1.6	23381	8654	0.053427873776534296
High Sens/High Spec	1.1	1.7000000000000002	21680	8024	0.05095223224888398
High Sens/High Spec	1.1	1.8	20233	7489	0.04876060641517668
High Sens/High Spec	1.1	1.9	18989	7028	0.04681190380539141
High Sens/High Spec	1.1	2	17909	6629	0.04507276034999991
High Sens/High Spec	1.2	1	42019	15552	0.07760547014674787
High Sens/High Spec	1.2	1.1	36195	13396	0.07176524809629017
High Sens/High Spec	1.2	1.2	31808	11773	0.06683939454688223
High Sens/High Spec	1.2	1.3	28397	10510	0.06263770591440226
High Sens/High Spec	1.2	1.4	25677	9503	0.059019631840073195
High Sens/High Spec	1.2	1.5	23461	8683	0.05587907575963963
High Sens/High Spec	1.2	1.6	21626	8004	0.053134458461053635
High Sens/High Spec	1.2	1.7000000000000002	20084	7434	0.050722034224409185
High Sens/High Spec	1.2	1.8	18772	6948	0.04859128152076983
High Sens/High Spec	1.2	1.9	17644	6530	0.04670165393828668
High Sens/High Spec	1.2	2	16665	6168	0.045020244967150486
High Sens/High Spec	1.3	1	38722	14331	0.07684649627325052
High Sens/High Spec	1.3	1.1	33430	12373	0.07110465798317278
High Sens/High Spec	1.3	1.2	29437	10895	0.06626740055399608
High Sens/High Spec	1.3	1.3	26328	9744	0.06214674859160779
High Sens/High Spec	1.3	1.4	23847	8826	0.05860382908185369
High Sens/High Spec	1.3	1.5	21826	8078	0.05553383705300122
High Sens/High Spec	1.3	1.6	20151	7458	0.05285620858086498
High Sens/High Spec	1.3	1.7000000000000002	18743	6937	0.050508011479994314
High Sens/High Spec	1.3	1.8	17546	6494	0.04843938801485445
High Sens/High Spec	1.3	1.9	16517	6113	0.04661034289957999
High Sens/High Spec	1.3	2	15625	5783	0.0449884350268458
High Sens/High Spec	1.4	1	35906	13289	0.0761014915476215
High Sens/High Spec	1.4	1.1	31068	11499	0.07045750226660352
High Sens/High Spec	1.4	1.2	27412	10145	0.06570862155701379
High Sens/High Spec	1.4	1.3	24563	9091	0.06166907543883929
High Sens/High Spec	1.4	1.4	22287	8249	0.05820165143477746
High Sens/High Spec	1.4	1.5	20432	7562	0.05520282681088151
High Sens/High Spec	1.4	1.6	18895	6993	0.0525930493650949
High Sens/High Spec	1.4	1.7000000000000002	17603	6515	0.05031020155558166
High Sens/High Spec	1.4	1.8	16505	6109	0.04830509447665657
High Sens/High Spec	1.4	1.9	15562	5760	0.04653829243629226
High Sens/High Spec	1.4	2	14746	5458	0.04497783131138247
High Sens/High Spec	1.5	1	33475	12390	0.07536996278695213
High Sens/High Spec	1.5	1.1	29029	10744	0.06982334634663445
High Sens/High Spec	1.5	1.2	25664	9499	0.06516268434117778
High Sens/High Spec	1.5	1.3	23039	8527	0.061204380257308066
High Sens/High Spec	1.5	1.4	20942	7751	0.05781286814371425
High Sens/High Spec	1.5	1.5	19232	7118	0.054885901020350236
High Sens/High Spec	1.5	1.6	17815	6594	0.052344937872820685
High Sens/High Spec	1.5	1.7000000000000002	16625	6153	0.0501286801798706
High Sens/High Spec	1.5	1.8	15613	5779	0.04818861647800185
High Sens/High Spec	1.5	1.9	14746	5458	0.04648588309190238
High Sens/High Spec	1.5	2	13995	5180	0.044989008872198005
High Sens/High Spec	1.6	1	31357	11605	0.07465143995378765
High Sens/High Spec	1.6	1.1	27251	10086	0.06920177761619653
High Sens/High Spec	1.6	1.2	24141	8935	0.06462923732488299
High Sens/High Spec	1.6	1.3	21713	8036	0.06075237906107614
High Sens/High Spec	1.6	1.4	19772	7318	0.057437272391932165
High Sens/High Spec	1.6	1.5	18189	6732	0.054582942750895674
High Sens/High Spec	1.6	1.6	16878	6247	0.0521118631559859
High Sens/High Spec	1.6	1.7000000000000002	15777	5840	0.04996356218651615
High Sens/High Spec	1.6	1.8	14843	5494	0.048090218546794544
High Sens/High Spec	1.6	1.9	14042	5197	0.04645355761394654
High Sens/High Spec	1.6	2	13350	4941	0.04502262240996069
High Sens/High Spec	1.7000000000000002	1	29495	10916	0.07394547467979118
High Sens/High Spec	1.7000000000000002	1.1	25690	9508	0.0685924041357959
High Sens/High Spec	1.7000000000000002	1.2	22804	8440	0.06410794940682057
High Sens/High Spec	1.7000000000000002	1.3	20550	7606	0.0603128091419014
High Sens/High Spec	1.7000000000000002	1.4	18747	6938	0.05707468066013674
High Sens/High Spec	1.7000000000000002	1.5	17277	6394	0.05429386192541444
High Sens/High Spec	1.7000000000000002	1.6	16059	5944	0.05189384661459462
High Sens/High Spec	1.7000000000000002	1.7000000000000002	15038	5566	0.04981500269747122
High Sens/High Spec	1.7000000000000002	1.8	14173	5246	0.04801021651628076
High Sens/High Spec	1.7000000000000002	1.9	13432	4972	0.046441824929129766
High Sens/High Spec	1.7000000000000002	2	12794	4735	0.045079412493679305
High Sens/High Spec	1.8	1	27847	10307	0.07325163889830813
High Sens/High Spec	1.8	1.1	24309	8997	0.06799485341068814
High Sens/High Spec	1.8	1.2	21622	8003	0.06359850891332744
High Sens/High Spec	1.8	1.3	19522	7225	0.0598854282382526
High Sens/High Spec	1.8	1.4	17842	6604	0.056724932203317924
High Sens/High Spec	1.8	1.5	16473	6097	0.05401859523761027
High Sens/High Spec	1.8	1.6	15340	5678	0.05169094254975645
High Sens/High Spec	1.8	1.7000000000000002	14390	5326	0.049683198589955097
High Sens/High Spec	1.8	1.8	13587	5029	0.04794898029452618
High Sens/High Spec	1.8	1.9	12901	4775	0.046451264749351906
High Sens/High Spec	1.8	2	12311	4557	0.04516021272815643
High Sens/High Spec	1.9	1	26380	9764	0.07256952357621438
High Sens/High Spec	1.9	1.1	23079	8542	0.06740877126179812
High Sens/High Spec	1.9	1.2	20570	7613	0.06310062263825075
High Sens/High Spec	1.9	1.3	18608	6887	0.05947001380233774
High Sens/High Spec	1.9	1.4	17039	6306	0.05638788864174063
High Sens/High Spec	1.9	1.5	15760	5833	0.05375710621638963
High Sens/High Spec	1.9	1.6	14704	5442	0.05150323892250022
High Sens/High Spec	1.9	1.7000000000000002	13819	5115	0.0495683902674412
High Sens/High Spec	1.9	1.8	13072	4838	0.04790693709530752
High Sens/High Spec	1.9	1.9	12436	4603	0.046482532883892036
High Sens/High Spec	1.9	2	11891	4401	0.045265957999651246
High Sens/High Spec	2	1	25065	9277	0.07189873753636511
High Sens/High Spec	2	1.1	21977	8134	0.06683382078251787
High Sens/High Spec	2	1.2	19628	7265	0.06261401496850627
High Sens/High Spec	2	1.3	17791	6585	0.0590663623598901
High Sens/High Spec	2	1.4	16322	6041	0.05606343366349148
High Sens/High Spec	2	1.5	15126	5599	0.053509385439387325
High Sens/High Spec	2	1.6	14139	5233	0.05133085832877993
High Sens/High Spec	2	1.7000000000000002	13314	4928	0.049470863759404765
High Sens/High Spec	2	1.8	12619	4671	0.04788457517939304
High Sens/High Spec	2	1.9	12029	4452	0.046536367346837026
High Sens/High Spec	2	2	11526	4266	0.04539769395402718
High Sens/Low Spec	1	1	180902	96093	0.30179509426456547
High Sens/Low Spec	1	1.1	286957	152428	0.2868801239559436
High Sens/Low Spec	1	1.2	500718	265974	0.2735437835770372
High Sens/Low Spec	1	1.3	1025981	544987	0.2615598944327454
High Sens/Low Spec	1	1.4	2909462	1545464	0.2507439893122268
High Sens/Low Spec	1	1.5	23129068	12285828	0.24094408921578991
High Sens/Low Spec	1	1.6	44615878	23699311	0.23203383299756583
High Sens/Low Spec	1	1.7000000000000002	4192755	2227131	0.22390728591844306
High Sens/Low Spec	1	1.8	1525914	810544	0.216474965729881
High Sens/Low Spec	1	1.9	805081	427648	0.20966076473944575
High Sens/Low Spec	1	2	507000	269312	0.20339954008542727
High Sens/Low Spec	1.1	1	178387	94757	0.2994827459286815
High Sens/Low Spec	1.1	1.1	286756	152321	0.2847731348945555
High Sens/Low Spec	1.1	1.2	510455	271147	0.27163381848410106
High Sens/Low Spec	1.1	1.3	1082735	575133	0.2598399809580052
High Sens/Low Spec	1.1	1.4	3320715	1763916	0.24920831124617251
High Sens/Low Spec	1.1	1.5	38844917	20633860	0.23958781994415182
High Sens/Low Spec	1.1	1.6	23572665	12521460	0.23085300029126807
High Sens/Low Spec	1.1	1.7000000000000002	3278806	1741655	0.22289866136126016
High Sens/Low Spec	1.1	1.8	1291387	685966	0.21563597370509344
High Sens/Low Spec	1.1	1.9	705593	374801	0.20898940708383376
High Sens/Low Spec	1.1	2	453491	240888	0.20289433339954738
High Sens/Low Spec	1.2	1	177646	94363	0.29720499348498836
High Sens/Low Spec	1.2	1.1	289589	153826	0.2827013943626454
High Sens/Low Spec	1.2	1.2	526600	279723	0.26976018214696573
High Sens/Low Spec	1.2	1.3	1160111	616234	0.25815790487117524
High Sens/Low Spec	1.2	1.4	3897081	2070074	0.24771241108452477
High Sens/Low Spec	1.2	1.5	82754452	43957971	0.2382737068863919
High Sens/Low Spec	1.2	1.6	14391514	7644565	0.2297171480540507
High Sens/Low Spec	1.2	1.7000000000000002	2636447	1400443	0.2219382977249319
High Sens/Low Spec	1.2	1.8	1111554	590442	0.21484899148641454
High Sens/Low Spec	1.2	1.9	627018	333063	0.20837429069323113
High Sens/Low Spec	1.2	2	410784	218203	0.2024500979969437
High Sens/Low Spec	1.3	1	178438	94784	0.29496063364437153
High Sens/Low Spec	1.3	1.1	295206	156809	0.28066379517423035
High Sens/Low Spec	1.3	1.2	549208	291732	0.26792187896940606
High Sens/Low Spec	1.3	1.3	1261488	670084	0.25651280055591585
High Sens/Low Spec	1.3	1.4	4717470	2505852	0.24625557467719575
High Sens/Low Spec	1.3	1.5	307856055	163528693	0.23700121215624967
High Sens/Low Spec	1.3	1.6	9637710	5119413	0.22862594301070555
High Sens/Low Spec	1.3	1.7000000000000002	2170087	1152719	0.2210260985054201
High Sens/Low Spec	1.3	1.8	971026	515795	0.21411419560351458
High Sens/Low Spec	1.3	1.9	564046	299613	0.20781590581342113
High Sens/Low Spec	1.3	2	376289	199880	0.20206768328901792
High Sens/Low Spec	1.4	1	180621	95943	0.2927485163261397
High Sens/Low Spec	1.4	1.1	303517	161224	0.27865928343569313
High Sens/Low Spec	1.4	1.2	578692	307393	0.2661179679235654
High Sens/Low Spec	1.4	1.3	1392168	739500	0.25490385970681567
High Sens/Low Spec	1.4	1.4	5921105	3145206	0.24483714971714257
High Sens/Low Spec	1.4	1.5	209559843899	111315164504	0.23576986640952202
High Sens/Low Spec	1.4	1.6	6886190	3657845	0.22757912973221947
High Sens/Low Spec	1.4	1.7000000000000002	1822268	967963	0.2201620574605871
High Sens/Low Spec	1.4	1.8	859464	456535	0.21343186895808472
High Sens/Low Spec	1.4	1.9	512988	272492	0.20731486953518058
High Sens/Low Spec	1.4	2	348191	184954	0.2017480911322602
High Sens/Low Spec	1.5	1	184119	97802	0.29056754124950107
High Sens/Low Spec	1.5	1.1	314555	167087	0.27668685533568416
High Sens/Low Spec	1.5	1.2	615819	327114	0.2643475596010368
High Sens/Low Spec	1.5	1.3	1560052	828677	0.25333032873320854
High Sens/Low Spec	1.5	1.4	7769509	4127052	0.24345654362484626
High Sens/Low Spec	1.5	1.5	342541527	181953115	0.2345792673826056
High Sens/Low Spec	1.5	1.6	5163265	2742652	0.2265765300581324
High Sens/Low Spec	1.5	1.7000000000000002	1556939	827024	0.21934625921543047
High Sens/Low Spec	1.5	1.8	769726	408868	0.212802402995701
High Sens/Low Spec	1.5	1.9	471221	250306	0.2068719300193887
High Sens/Low Spec	1.5	2	325185	172734	0.20149248271753234
High Sens/Low Spec	1.6	1	188912	100347	0.28841665476670275
High Sens/Low Spec	1.6	1.1	328466	174476	0.2747455541739491
High Sens/Low Spec	1.6	1.2	661750	351512	0.2626098135057764
High Sens/Low Spec	1.6	1.3	1776813	943818	0.25179150641621784
High Sens/Low Spec	1.6	1.4	10799572	5736577	0.2421132217098768
High Sens/Low Spec	1.6	1.5	80815639	42928101	0.23342907874987076
High Sens/Low Spec	1.6	1.6	4019282	2134985	0.22561804290464138
High Sens/Low Spec	1.6	1.7000000000000002	1350647	717444	0.21857888035479217
High Sens/Low Spec	1.6	1.8	696761	370110	0.2122263005143165
High Sens/Low Spec	1.6	1.9	436840	232043	0.20648797157170365
High Sens/Low Spec	1.6	2	306319	162713	0.20130218660665758
High Sens/Low Spec	1.7000000000000002	1	195022	103593	0.28629484691669116
High Sens/Low Spec	1.7000000000000002	1.1	345502	183526	0.2728344676088912
High Sens/Low Spec	1.7000000000000002	1.2	718124	381458	0.26090393556998637
High Sens/Low Spec	1.7000000000000002	1.3	2059914	1094197	0.2502867418022145
High Sens/Low Spec	1.7000000000000002	1.4	16259289	8636700	0.24080670559598655
High Sens/Low Spec	1.7000000000000002	1.5	34986032	18584075	0.23231902929147624
High Sens/Low Spec	1.7000000000000002	1.6	3224434	1712773	0.22470364445817612
High Sens/Low Spec	1.7000000000000002	1.7000000000000002	1187653	630864	0.21786019101578724
High Sens/Low Spec	1.7000000000000002	1.8	636921	338323	0.21170417914060075
High Sens/Low Spec	1.7000000000000002	1.9	408436	216956	0.20616402062626701
High Sens/Low Spec	1.7000000000000002	2	290890	154517	0.20117870801712434
High Sens/Low Spec	1.8	1	202516	107574	0.28420114868015883
High Sens/Low Spec	1.8	1.1	366035	194433	0.2709527251056105
High Sens/Low Spec	1.8	1.2	787202	418150	0.2592291758760637
High Sens/Low Spec	1.8	1.3	2436122	1294033	0.24881543231793402
High Sens/Low Spec	1.8	1.4	27628609	14675919	0.23953657189846725
High Sens/Low Spec	1.8	1.5	19376391	10292459	0.2312489123660277
High Sens/Low Spec	1.8	1.6	2651853	1408626	0.2238333887578523
High Sens/Low Spec	1.8	1.7000000000000002	1057111	561523	0.21719055699740775
High Sens/Low Spec	1.8	1.8	587527	312086	0.21123677551307551
High Sens/Low Spec	1.8	1.9	384958	204485	0.2059012527096614
High Sens/Low Spec	1.8	2	278374	147869	0.20112373947383377
High Sens/Low Spec	1.9	1	211499	112346	0.28213462941861855
High Sens/Low Spec	1.9	1.1	390573	207467	0.2690994955679511
High Sens/Low Spec	1.9	1.2	872084	463238	0.2575848265695004
High Sens/Low Spec	1.9	1.3	2947908	1565887	0.24737702209440326
High Sens/Low Spec	1.9	1.4	57927476	30770239	0.23830245114470114
High Sens/Low Spec	1.9	1.5	12288281	6527358	0.23021858568520404
High Sens/Low Spec	1.9	1.6	2227104	1183006	0.22300740867394506
High Sens/Low Spec	1.9	1.7000000000000002	951371	505355	0.21657044241023934
High Sens/Low Spec	1.9	1.8	546582	290337	0.2108249502193963
High Sens/Low Spec	1.9	1.9	365614	194209	0.20570100046949963
High Sens/Low Spec	1.9	2	268384	142562	0.2011391729674301
High Sens/Low Spec	2	1	222122	117988	0.2800943944817224
High Sens/Low Spec	2	1.1	419789	222986	0.26727398513962936
High Sens/Low Spec	2	1.2	977056	518998	0.25597021994922503
High Sens/Low Spec	2	1.3	3665710	1947172	0.245971000488565
High Sens/Low Spec	2	1.4	194349705	103235758	0.2371040269308746
High Sens/Low Spec	2	1.5	8496794	4513375	0.22922797139018194
High Sens/Low Spec	2	1.6	1904310	1011542	0.2222259172933784
High Sens/Low Spec	2	1.7000000000000002	864926	459436	0.21600041289512784
High Sens/Low Spec	2	1.8	512580	272275	0.2104696935444349
High Sens/Low Spec	2	1.9	349802	185810	0.2055647628668448
High Sens/Low Spec	2	2	260636	138446	0.2012271137823975
Low Sens/High Spec	1	1	92006	25871	0.10317030418660011
Low Sens/High Spec	1	1.1	76392	21481	0.09559901450227529
Low Sens/High Spec	1	1.2	65188	18330	0.08916096123485998
Low Sens/High Spec	1	1.3	56808	15974	0.08362767864889181
Low Sens/High Spec	1	1.4	50334	14154	0.07882850268179536
Low Sens/High Spec	1	1.5	45199	12710	0.07463337978369125
Low Sens/High Spec	1	1.6	41039	11540	0.07094146928441883
Low Sens/High Spec	1	1.7000000000000002	37607	10575	0.06767338187546756
Low Sens/High Spec	1	1.8	34734	9767	0.06476576882881727
Low Sens/High Spec	1	1.9	32297	9082	0.06216747104102058
Low Sens/High Spec	1	2	30208	8494	0.059836727234811093
Low Sens/High Spec	1.1	1	83060	23356	0.10216900288144501
Low Sens/High Spec	1.1	1.1	69183	19454	0.09472018237028151
Low Sens/High Spec	1.1	1.2	59196	16645	0.08839267721252234
Low Sens/High Spec	1.1	1.3	51709	14540	0.08296055564628216
Low Sens/High Spec	1.1	1.4	45914	12911	0.07825508150335056
Low Sens/High Spec	1.1	1.5	41312	11617	0.0741476972862089
Low Sens/High Spec	1.1	1.6	37579	10567	0.07053874413333594
Low Sens/High Spec	1.1	1.7000000000000002	34498	9701	0.06734978165032435
Low Sens/High Spec	1.1	1.8	31917	8975	0.06451823464110484
Low Sens/High Spec	1.1	1.9	29728	8359	0.06199358361013657
Low Sens/High Spec	1.1	2	27851	7832	0.059734603376878165
Low Sens/High Spec	1.2	1	75642	21270	0.10118632321199539
Low Sens/High Spec	1.2	1.1	63202	17772	0.09385929378836616
Low Sens/High Spec	1.2	1.2	54223	15247	0.08764202058655174
Low Sens/High Spec	1.2	1.3	47478	13350	0.08231107385344064
Low Sens/High Spec	1.2	1.4	42248	11880	0.07769962350910012
Low Sens/High Spec	1.2	1.5	38089	10711	0.07368059393445395
Low Sens/High Spec	1.2	1.6	34713	9761	0.07015549980304786
Low Sens/High Spec	1.2	1.7000000000000002	31925	8977	0.06704684605585759
Low Sens/High Spec	1.2	1.8	29589	8320	0.06429283129662552
Low Sens/High Spec	1.2	1.9	27606	7763	0.061843579151978634
Low Sens/High Spec	1.2	2	25907	7285	0.05965840687475854
Low Sens/High Spec	1.3	1	69398	19514	0.10022159672172382
Low Sens/High Spec	1.3	1.1	58165	16355	0.09301575262363068
Low Sens/High Spec	1.3	1.2	50034	14069	0.08690847035589869
Low Sens/High Spec	1.3	1.3	43914	12348	0.08167879312008275
Low Sens/High Spec	1.3	1.4	39161	11012	0.07716177794618129
Low Sens/High Spec	1.3	1.5	35378	9948	0.07323181975628204
Low Sens/High Spec	1.3	1.6	32304	9084	0.06979160140416618
Low Sens/High Spec	1.3	1.7000000000000002	29764	8370	0.06676457264996441
Low Sens/High Spec	1.3	1.8	27636	7771	0.06408970942612155
Low Sens/High Spec	1.3	1.9	25830	7263	0.06171778550641152
Low Sens/High Spec	1.3	2	24282	6828	0.0596086707240116
Low Sens/High Spec	1.4	1	64074	18017	0.09927418709889352
Low Sens/High Spec	1.4	1.1	53868	15147	0.0921889933357162
Low Sens/High Spec	1.4	1.2	46461	13064	0.0861915354502732
Low Sens/High Spec	1.4	1.3	40874	11494	0.08106330359703162
Low Sens/High Spec	1.4	1.4	36530	10272	0.07664122596079936
Low Sens/High Spec	1.4	1.5	33068	9299	0.0728011597573619
Low Sens/High Spec	1.4	1.6	30254	8507	0.06944695390136146
Low Sens/High Spec	1.4	1.7000000000000002	27928	7853	0.0665030059062747
Low Sens/High Spec	1.4	1.8	25979	7305	0.06390907629179218
Low Sens/High Spec	1.4	1.9	24326	6840	0.061616600075321076
Low Sens/High Spec	1.4	2	22910	6442	0.059586014294114586
Low Sens/High Spec	1.5	1	59486	16727	0.09834348808901033
Low Sens/High Spec	1.5	1.1	50162	14105	0.09137847907930921
Low Sens/High Spec	1.5	1.2	43379	12198	0.08549075304356424
Low Sens/High Spec	1.5	1.3	38254	10757	0.0804642243052979
Low Sens/High Spec	1.5	1.4	34263	9635	0.07613767949803377
Low Sens/High Spec	1.5	1.5	31080	8740	0.07238843326562419
Low Sens/High Spec	1.5	1.6	28492	8012	0.06912150206611922
Low Sens/High Spec	1.5	1.7000000000000002	26352	7410	0.06626223800236705
Low Sens/High Spec	1.5	1.8	24560	6906	0.06375119771882753
Low Sens/High Spec	1.5	1.9	23041	6479	0.06154049330733924
Low Sens/High Spec	1.5	2	21741	6114	0.05959114890463624
Low Sens/High Spec	1.6	1	55495	15605	0.09742892156485208
Low Sens/High Spec	1.6	1.1	46937	13198	0.09058369995532209
Low Sens/High Spec	1.6	1.2	40697	11444	0.08480568701156244
Low Sens/High Spec	1.6	1.3	35974	10116	0.07988120185159134
Low Sens/High Spec	1.6	1.4	32292	9080	0.07565088035990647
Low Sens/High Spec	1.6	1.5	29354	8254	0.07199349346024972
Low Sens/High Spec	1.6	1.6	26964	7582	0.06881523066163975
Low Sens/High Spec	1.6	1.7000000000000002	24989	7027	0.06604240991884197
Low Sens/High Spec	1.6	1.8	23335	6562	0.06361640046117673
Low Sens/High Spec	1.6	1.9	21934	6168	0.06149001280348454
Low Sens/High Spec	1.6	2	20737	5831	0.059624884297541175
Low Sens/High Spec	1.7000000000000002	1	51994	14620	0.09652993573991717
Low Sens/High Spec	1.7000000000000002	1.1	44107	12403	0.08980417139774796
Low Sens/High Spec	1.7000000000000002	1.2	38344	10782	0.084135926522268
Low Sens/High Spec	1.7000000000000002	1.3	33975	9554	0.07931390928028528
Low Sens/High Spec	1.7000000000000002	1.4	30566	8595	0.07518059941434538
Low Sens/High Spec	1.7000000000000002	1.5	27844	7830	0.07161622708204662
Low Sens/High Spec	1.7000000000000002	1.6	25630	7207	0.06852816486368882
Low Sens/High Spec	1.7000000000000002	1.7000000000000002	23801	6693	0.06584371286440788
Low Sens/High Spec	1.7000000000000002	1.8	22270	6262	0.06350507503500818
Low Sens/High Spec	1.7000000000000002	1.9	20976	5898	0.061465788106135705
Low Sens/High Spec	1.7000000000000002	2	19872	5588	0.05968813611311813
Low Sens/High Spec	1.8	1	48900	13750	0.09564600351254873
Low Sens/High Spec	1.8	1.1	41606	11699	0.08903943268449185
Low Sens/High Spec	1.8	1.2	36264	10197	0.08348108474833504
Low Sens/High Spec	1.8	1.3	32209	9057	0.07876204505314965
Low Sens/High Spec	1.8	1.4	29043	8167	0.07472663594914261
Low Sens/High Spec	1.8	1.5	26514	7456	0.07125655432394476
Low Sens/High Spec	1.8	1.6	24458	6877	0.06826037092387943
Low Sens/High Spec	1.8	1.7000000000000002	22760	6400	0.0656663900463749
Low Sens/High Spec	1.8	1.8	21340	6001	0.06341767906034934
Low Sens/High Spec	1.8	1.9	20143	5664	0.061468536245647354
Low Sens/High Spec	1.8	2	19123	5378	0.059781934497102035
Low Sens/High Spec	1.9	1	46149	12977	0.09477662092924838
Low Sens/High Spec	1.9	1.1	39381	11074	0.08828904556167075
Low Sens/High Spec	1.9	1.2	34415	9677	0.08284079769237648
Low Sens/High Spec	1.9	1.3	30641	8616	0.07822533214936672
Low Sens/High Spec	1.9	1.4	27692	7787	0.07428881716639582
Low Sens/High Spec	1.9	1.5	25337	7125	0.07091442890218108
Low Sens/High Spec	1.9	1.6	23422	6586	0.06801195708469526
Low Sens/High Spec	1.9	1.7000000000000002	21843	6142	0.06551073881059111
Low Sens/High Spec	1.9	1.8	20525	5772	0.06335474115935275
Low Sens/High Spec	1.9	1.9	19415	5460	0.06149906813270278
Low Sens/High Spec	1.9	2	18474	5195	0.059907433990243536
Low Sens/High Spec	2	1	43689	12285	0.09392130575680652
Low Sens/High Spec	2	1.1	37391	10514	0.08755259297192658
Low Sens/High Spec	2	1.2	32762	9213	0.08221472311686315
Low Sens/High Spec	2	1.3	29241	8222	0.07770351727945138
Low Sens/High Spec	2	1.4	26488	7448	0.07386699781424752
Low Sens/High Spec	2	1.5	24289	6830	0.0705898383106297
Low Sens/High Spec	2	1.6	22503	6328	0.06778307475853526
Low Sens/High Spec	2	1.7000000000000002	21033	5914	0.06537711318001518
Low Sens/High Spec	2	1.8	19808	5570	0.06331686546874135
Low Sens/High Spec	2	1.9	18780	5281	0.061558295900550425
Low Sens/High Spec	2	2	17911	5037	0.060065924879640825
Balanced/Moderate	1	1	1411794	583639	0.26273332928583437
Balanced/Moderate	1	1.1	5963388	2465277	0.24850813535895425
Balanced/Moderate	1	1.2	25116903793	10383379816	0.2359143300194479
Balanced/Moderate	1	1.3	7258519	3000687	0.22469870189384153
Balanced/Moderate	1	1.4	1899162	785118	0.21465833447852709
Balanced/Moderate	1	1.5	891095	368381	0.20562868108565324
Balanced/Moderate	1	1.6	529519	218905	0.1974748884925616
Balanced/Moderate	1	1.7000000000000002	357736	147889	0.1900853791466368
Balanced/Moderate	1	1.8	261941	108287	0.18336703301958784
Balanced/Moderate	1	1.9	202666	83783	0.17724152154578443
Balanced/Moderate	1	2	163210	67472	0.17164248396153986
Balanced/Moderate	1.1	1	1525707	630731	0.26061678556472373
Balanced/Moderate	1.1	1.1	7575463	3131712	0.24659366329979648
Balanced/Moderate	1.1	1.2	363044488	150083340	0.23419155418211002
Balanced/Moderate	1.1	1.3	5137274	2123760	0.2231590121446788
Balanced/Moderate	1.1	1.4	1540756	636952	0.21329458682073651
Balanced/Moderate	1.1	1.5	758611	313612	0.20443496226183633
Balanced/Moderate	1.1	1.6	462321	191125	0.1964463288680812
Balanced/Moderate	1.1	1.7000000000000002	317360	131198	0.18921800261041538
Balanced/Moderate	1.1	1.8	235015	97156	0.18265763559822815
Balanced/Moderate	1.1	1.9	183408	75821	0.1766875725302798
Balanced/Moderate	1.1	2	148733	61487	0.1712420448621219
Balanced/Moderate	1.2	1	1682006	695345	0.25853335869283073
Balanced/Moderate	1.2	1.1	10258346	4240822	0.24471260091067476
Balanced/Moderate	1.2	1.2	76048864	31438757	0.2325029210611932
Balanced/Moderate	1.2	1.3	3798176	1570174	0.2216546339118901
Balanced/Moderate	1.2	1.4	1273838	526608	0.2119677544985165
Balanced/Moderate	1.2	1.5	654746	270673	0.20328020017819926
Balanced/Moderate	1.2	1.6	408463	168860	0.19545921049638942
Balanced/Moderate	1.2	1.7000000000000002	284660	117679	0.1883950031588953
Balanced/Moderate	1.2	1.8	213104	88098	0.18199601310775987
Balanced/Moderate	1.2	1.9	167714	69334	0.17618527133122563
Balanced/Moderate	1.2	2	136947	56614	0.17089761674839082
Balanced/Moderate	1.3	1	1893049	782591	0.2564818979804015
Balanced/Moderate	1.3	1.1	15161090	6267626	0.24286389457415095
Balanced/Moderate	1.3	1.2	30948355	12794114	0.23084748800736446
Balanced/Moderate	1.3	1.3	2906653	1201616	0.22018475248660238
Balanced/Moderate	1.3	1.4	1070365	442491	0.21067717097918232
Balanced/Moderate	1.3	1.5	571869	236412	0.2021639001932971
Balanced/Moderate	1.3	1.6	364615	150733	0.1945132380675992
Balanced/Moderate	1.3	1.7000000000000002	257784	106569	0.18761631625643227
Balanced/Moderate	1.3	1.8	195024	80624	0.18138236754147385
Balanced/Moderate	1.3	1.9	154758	63978	0.17573512688146836
Balanced/Moderate	1.3	2	127234	52599	0.17061006093957848
Balanced/Moderate	1.4	1	2178616	900645	0.25446130444802106
Balanced/Moderate	1.4	1.1	25591698	10579661	0.2410465420516142
Balanced/Moderate	1.4	1.2	16350165	6759192	0.22922436462149715
Balanced/Moderate	1.4	1.3	2287474	945647	0.2187486077615481
Balanced/Moderate	1.4	1.4	912125	377075	0.2094222284938423
Balanced/Moderate	1.4	1.5	504735	208659	0.20108563279349623
Balanced/Moderate	1.4	1.6	328439	135777	0.1936081904243797
Balanced/Moderate	1.4	1.7000000000000002	235422	97324	0.18688196374068436
Balanced/Moderate	1.4	1.8	179935	74386	0.18081700330402362
Balanced/Moderate	1.4	1.9	143950	59510	0.17533777109885001
Balanced/Moderate	1.4	2	119158	49260	0.17038038767656966
Balanced/Moderate	1.5	1	2570677	1062723	0.2524705275179898
Balanced/Moderate	1.5	1.1	54677969	22603985	0.23925958938398365
Balanced/Moderate	1.5	1.2	9953804	4114924	0.2276327099241991
Balanced/Moderate	1.5	1.3	1842370	761640	0.21734549175925366
Balanced/Moderate	1.5	1.4	786918	325314	0.20820237605274045
Balanced/Moderate	1.5	1.5	449638	185881	0.20004503227277753
Balanced/Moderate	1.5	1.6	298251	123298	0.19274392014457611
Balanced/Moderate	1.5	1.7000000000000002	216624	89553	0.18619205462219712
Balanced/Moderate	1.5	1.8	167226	69132	0.1803003296355881
Balanced/Moderate	1.5	1.9	134862	55753	0.17499396345708573
Balanced/Moderate	1.5	2	112399	46466	0.17020976350132666
Balanced/Moderate	1.6	1	3122709	1290935	0.2505085619431928
Balanced/Moderate	1.6	1.1	204597150	84580884	0.23750212802562182
Balanced/Moderate	1.6	1.2	6629333	2740580	0.22607172976005024
Balanced/Moderate	1.6	1.3	1513111	625524	0.21597474640522046
Balanced/Moderate	1.6	1.4	686340	283734	0.20701711772892342
Balanced/Moderate	1.6	1.5	403901	166974	0.19904179572314823
Balanced/Moderate	1.6	1.6	272815	112783	0.19192035350373401
Balanced/Moderate	1.6	1.7000000000000002	200686	82964	0.1855467863710185
Balanced/Moderate	1.6	1.8	156441	64673	0.17983286368233276
Balanced/Moderate	1.6	1.9	127176	52575	0.17470459643319966
Balanced/Moderate	1.6	2	106722	44119	0.1700995198384849
Balanced/Moderate	1.7000000000000002	1	3928967	1624243	0.2485744449526247
Balanced/Moderate	1.7000000000000002	1.1	237367646722	98128274573	0.2357732921916547
Balanced/Moderate	1.7000000000000002	1.2	4699275	1942690	0.22454067441817685
Balanced/Moderate	1.7000000000000002	1.3	1263591	522371	0.21463576152987962
Balanced/Moderate	1.7000000000000002	1.4	604466	249888	0.20586601119743783
Balanced/Moderate	1.7000000000000002	1.5	365553	151121	0.19807568232835554
Balanced/Moderate	1.7000000000000002	1.6	251201	103847	0.19113749081894094
Balanced/Moderate	1.7000000000000002	1.7000000000000002	187076	77338	0.18494644670538524
Balanced/Moderate	1.7000000000000002	1.8	147238	60869	0.17941523424918573
Balanced/Moderate	1.7000000000000002	1.9	120650	49877	0.17447070189911226
Balanced/Moderate	1.7000000000000002	2	101949	42146	0.17005116289365127
Balanced/Moderate	1.8	1	5167824	2136390	0.24666725359472927
Balanced/Moderate	1.8	1.1	216072182	89324686	0.23407225640084736
Balanced/Moderate	1.8	1.2	3487935	1441920	0.22303883645272493
Balanced/Moderate	1.8	1.3	1070551	442568	0.21332797308514553
Balanced/Moderate	1.8	1.4	537029	222009	0.20474866651954052
Balanced/Moderate	1.8	1.5	333115	137711	0.19714651295638957
Balanced/Moderate	1.8	1.6	232701	96199	0.19039540717916134
Balanced/Moderate	1.8	1.7000000000000002	175386	72505	0.18439141590300867
Balanced/Moderate	1.8	1.8	139351	57608	0.17904818627925978
Balanced/Moderate	1.8	1.9	115101	47583	0.17429345853803885
Balanced/Moderate	1.8	2	97945	40491	0.17006638500344687
Balanced/Moderate	1.9	1	7210806	2980962	0.24478610226148317
Balanced/Moderate	1.9	1.1	50977481	21074196	0.2323982331979071
Balanced/Moderate	1.9	1.2	2682239	1108843	0.22156554868855755
Balanced/Moderate	1.9	1.3	918514	379716	0.21205086156323744
Balanced/Moderate	1.9	1.4	480900	198806	0.20366474516356559
Balanced/Moderate	1.9	1.5	305462	126279	0.19625417004901205
Balanced/Moderate	1.9	1.6	216768	89613	0.1896942535711088
Balanced/Moderate	1.9	1.7000000000000002	165298	68335	0.1838821696613187
Balanced/Moderate	1.9	1.8	132575	54807	0.17873258611345583
Balanced/Moderate	1.9	1.9	110385	45634	0.17417420038103876
Balanced/Moderate	1.9	2	94606	39111	0.17014707759585518
Balanced/Moderate	2	1	10941825	4523373	0.24293014037772812
Balanced/Moderate	2	1.1	21879671	9045101	0.2307504710406521
Balanced/Moderate	2	1.2	2121675	877105	0.22012018239907058
Balanced/Moderate	2	1.3	796888	329436	0.2108039506071681
Balanced/Moderate	2	1.4	433744	179311	0.20261395925613382
Balanced/Moderate	2	1.5	281725	116466	0.1953985978092931
Balanced/Moderate	2	1.6	202974	83910	0.18903425841373026
Balanced/Moderate	2	1.7000000000000002	156562	64723	0.1834192825393382
Balanced/Moderate	2	1.8	126748	52398	0.17846942759401313
Balanced/Moderate	2	1.9	106390	43982	0.17411442657577458
Balanced/Moderate	2	2	91853	37972	0.17029534594668427
