test_type	sensitivity	specificity	target_group	event_rate_multiplier	proportion_multiplier	nns_closed_form	nnr_closed_form	true_beta	predicted_beta	bias_closed_form
Perfect (100%)	1	1	E	1	1	18189	3235	-1.2039728043259361	-1.2039728043259361	0
Perfect (100%)	1	1	E	1	1.1	16534	2941	-1.2039728043259361	-1.203972804325936	2.220446049250313e-16
Perfect (100%)	1	1	E	1	1.2	15155	2695	-1.2039728043259361	-1.2039728043259361	0
Perfect (100%)	1	1	E	1	1.3	13988	2488	-1.2039728043259361	-1.2039728043259361	0
Perfect (100%)	1	1	E	1	1.4	12987	2310	-1.2039728043259361	-1.2039728043259361	0
Perfect (100%)	1	1	E	1	1.5	12121	2156	-1.2039728043259361	-1.203972804325936	2.220446049250313e-16
Perfect (100%)	1	1	E	1	1.6	11362	2021	-1.2039728043259361	-1.2039728043259361	0
Perfect (100%)	1	1	E	1	1.7000000000000002	10693	1902	-1.2039728043259361	-1.2039728043259361	0
Perfect (100%)	1	1	E	1	1.8	10098	1796	-1.2039728043259361	-1.2039728043259361	0
Perfect (100%)	1	1	E	1	1.9	9566	1701	-1.2039728043259361	-1.2039728043259361	0
Perfect (100%)	1	1	E	1	2	9086	1616	-1.2039728043259361	-1.203972804325936	2.220446049250313e-16
Perfect (100%)	1	1	E	1.1	1	16534	2941	-1.2039728043259361	-1.203972804325936	2.220446049250313e-16
Perfect (100%)	1	1	E	1.1	1.1	15029	2673	-1.2039728043259361	-1.2039728043259361	0
Perfect (100%)	1	1	E	1.1	1.2	13776	2450	-1.2039728043259361	-1.203972804325936	2.220446049250313e-16
Perfect (100%)	1	1	E	1.1	1.3	12715	2262	-1.2039728043259361	-1.2039728043259361	0
Perfect (100%)	1	1	E	1.1	1.4	11805	2100	-1.2039728043259361	-1.203972804325936	2.220446049250313e-16
Perfect (100%)	1	1	E	1.1	1.5	11017	1960	-1.2039728043259361	-1.2039728043259361	0
Perfect (100%)	1	1	E	1.1	1.6	10328	1837	-1.2039728043259361	-1.2039728043259361	0
Perfect (100%)	1	1	E	1.1	1.7000000000000002	9719	1729	-1.2039728043259361	-1.2039728043259361	0
Perfect (100%)	1	1	E	1.1	1.8	9178	1633	-1.2039728043259361	-1.2039728043259361	0
Perfect (100%)	1	1	E	1.1	1.9	8695	1547	-1.2039728043259361	-1.2039728043259361	0
Perfect (100%)	1	1	E	1.1	2	8259	1469	-1.2039728043259361	-1.203972804325936	2.220446049250313e-16
Perfect (100%)	1	1	E	1.2	1	15155	2695	-1.2039728043259361	-1.2039728043259361	0
Perfect (100%)	1	1	E	1.2	1.1	13776	2450	-1.2039728043259361	-1.203972804325936	2.220446049250313e-16
Perfect (100%)	1	1	E	1.2	1.2	12626	2246	-1.2039728043259361	-1.2039728043259361	0
Perfect (100%)	1	1	E	1.2	1.3	11654	2073	-1.2039728043259361	-1.2039728043259361	0
Perfect (100%)	1	1	E	1.2	1.4	10820	1925	-1.2039728043259361	-1.2039728043259361	0
Perfect (100%)	1	1	E	1.2	1.5	10098	1796	-1.2039728043259361	-1.2039728043259361	0
Perfect (100%)	1	1	E	1.2	1.6	9466	1684	-1.2039728043259361	-1.2039728043259361	0
Perfect (100%)	1	1	E	1.2	1.7000000000000002	8908	1585	-1.2039728043259361	-1.203972804325936	2.220446049250313e-16
Perfect (100%)	1	1	E	1.2	1.8	8412	1496	-1.2039728043259361	-1.2039728043259361	0
Perfect (100%)	1	1	E	1.2	1.9	7969	1418	-1.2039728043259361	-1.2039728043259361	0
Perfect (100%)	1	1	E	1.2	2	7570	1347	-1.2039728043259361	-1.203972804325936	2.220446049250313e-16
Perfect (100%)	1	1	E	1.3	1	13988	2488	-1.2039728043259361	-1.2039728043259361	0
Perfect (100%)	1	1	E	1.3	1.1	12715	2262	-1.2039728043259361	-1.2039728043259361	0
Perfect (100%)	1	1	E	1.3	1.2	11654	2073	-1.2039728043259361	-1.2039728043259361	0
Perfect (100%)	1	1	E	1.3	1.3	10756	1913	-1.2039728043259361	-1.2039728043259361	0
Perfect (100%)	1	1	E	1.3	1.4	9987	1776	-1.2039728043259361	-1.203972804325936	2.220446049250313e-16
Perfect (100%)	1	1	E	1.3	1.5	9320	1658	-1.2039728043259361	-1.2039728043259361	0
Perfect (100%)	1	1	E	1.3	1.6	8736	1554	-1.2039728043259361	-1.2039728043259361	0
Perfect (100%)	1	1	E	1.3	1.7000000000000002	8222	1463	-1.2039728043259361	-1.203972804325936	2.220446049250313e-16
Perfect (100%)	1	1	E	1.3	1.8	7764	1381	-1.2039728043259361	-1.2039728043259361	0
Perfect (100%)	1	1	E	1.3	1.9	7355	1308	-1.2039728043259361	-1.2039728043259361	0
Perfect (100%)	1	1	E	1.3	2	6986	1243	-1.2039728043259361	-1.2039728043259361	0
Perfect (100%)	1	1	E	1.4	1	12987	2310	-1.2039728043259361	-1.2039728043259361	0
Perfect (100%)	1	1	E	1.4	1.1	11805	2100	-1.2039728043259361	-1.2039728043259361	0
Perfect (100%)	1	1	E	1.4	1.2	10820	1925	-1.2039728043259361	-1.2039728043259361	0
Perfect (100%)	1	1	E	1.4	1.3	9987	1776	-1.2039728043259361	-1.203972804325936	2.220446049250313e-16
Perfect (100%)	1	1	E	1.4	1.4	9272	1649	-1.2039728043259361	-1.2039728043259361	0
Perfect (100%)	1	1	E	1.4	1.5	8653	1539	-1.2039728043259361	-1.2039728043259361	0
Perfect (100%)	1	1	E	1.4	1.6	8111	1443	-1.2039728043259361	-1.2039728043259361	0
Perfect (100%)	1	1	E	1.4	1.7000000000000002	7633	1358	-1.2039728043259361	-1.2039728043259361	0
Perfect (100%)	1	1	E	1.4	1.8	7209	1282	-1.2039728043259361	-1.2039728043259361	0
Perfect (100%)	1	1	E	1.4	1.9	6828	1215	-1.2039728043259361	-1.2039728043259361	0
Perfect (100%)	1	1	E	1.4	2	6486	1154	-1.2039728043259361	-1.2039728043259361	0
Perfect (100%)	1	1	E	1.5	1	12121	2156	-1.2039728043259361	-1.203972804325936	2.220446049250313e-16
Perfect (100%)	1	1	E	1.5	1.1	11017	1960	-1.2039728043259361	-1.2039728043259361	0
Perfect (100%)	1	1	E	1.5	1.2	10098	1796	-1.2039728043259361	-1.2039728043259361	0
Perfect (100%)	1	1	E	1.5	1.3	9320	1658	-1.2039728043259361	-1.2039728043259361	0
Perfect (100%)	1	1	E	1.5	1.4	8653	1539	-1.2039728043259361	-1.2039728043259361	0
Perfect (100%)	1	1	E	1.5	1.5	8075	1436	-1.2039728043259361	-1.2039728043259361	0
Perfect (100%)	1	1	E	1.5	1.6	7570	1347	-1.2039728043259361	-1.203972804325936	2.220446049250313e-16
Perfect (100%)	1	1	E	1.5	1.7000000000000002	7124	1267	-1.2039728043259361	-1.2039728043259361	0
Perfect (100%)	1	1	E	1.5	1.8	6727	1197	-1.2039728043259361	-1.203972804325936	2.220446049250313e-16
Perfect (100%)	1	1	E	1.5	1.9	6372	1134	-1.2039728043259361	-1.203972804325936	2.220446049250313e-16
Perfect (100%)	1	1	E	1.5	2	6053	1077	-1.2039728043259361	-1.203972804325936	2.220446049250313e-16
Perfect (100%)	1	1	E	1.6	1	11362	2021	-1.2039728043259361	-1.2039728043259361	0
Perfect (100%)	1	1	E	1.6	1.1	10328	1837	-1.2039728043259361	-1.2039728043259361	0
Perfect (100%)	1	1	E	1.6	1.2	9466	1684	-1.2039728043259361	-1.2039728043259361	0
Perfect (100%)	1	1	E	1.6	1.3	8736	1554	-1.2039728043259361	-1.2039728043259361	0
Perfect (100%)	1	1	E	1.6	1.4	8111	1443	-1.2039728043259361	-1.2039728043259361	0
Perfect (100%)	1	1	E	1.6	1.5	7570	1347	-1.2039728043259361	-1.203972804325936	2.220446049250313e-16
Perfect (100%)	1	1	E	1.6	1.6	7096	1262	-1.2039728043259361	-1.2039728043259361	0
Perfect (100%)	1	1	E	1.6	1.7000000000000002	6678	1188	-1.2039728043259361	-1.2039728043259361	0
Perfect (100%)	1	1	E	1.6	1.8	6306	1122	-1.2039728043259361	-1.2039728043259361	0
Perfect (100%)	1	1	E	1.6	1.9	5973	1063	-1.2039728043259361	-1.2039728043259361	0
Perfect (100%)	1	1	E	1.6	2	5674	1009	-1.2039728043259361	-1.203972804325936	2.220446049250313e-16
Perfect (100%)	1	1	E	1.7000000000000002	1	10693	1902	-1.2039728043259361	-1.2039728043259361	0
Perfect (100%)	1	1	E	1.7000000000000002	1.1	9719	1729	-1.2039728043259361	-1.2039728043259361	0
Perfect (100%)	1	1	E	1.7000000000000002	1.2	8908	1585	-1.2039728043259361	-1.2039728043259361	0
Perfect (100%)	1	1	E	1.7000000000000002	1.3	8222	1463	-1.2039728043259361	-1.203972804325936	2.220446049250313e-16
Perfect (100%)	1	1	E	1.7000000000000002	1.4	7633	1358	-1.2039728043259361	-1.2039728043259361	0
Perfect (100%)	1	1	E	1.7000000000000002	1.5	7124	1267	-1.2039728043259361	-1.2039728043259361	0
Perfect (100%)	1	1	E	1.7000000000000002	1.6	6678	1188	-1.2039728043259361	-1.2039728043259361	0
Perfect (100%)	1	1	E	1.7000000000000002	1.7000000000000002	6284	1118	-1.2039728043259361	-1.2039728043259361	0
Perfect (100%)	1	1	E	1.7000000000000002	1.8	5934	1056	-1.2039728043259361	-1.2039728043259361	0
Perfect (100%)	1	1	E	1.7000000000000002	1.9	5621	1000	-1.2039728043259361	-1.2039728043259361	0
Perfect (100%)	1	1	E	1.7000000000000002	2	5340	950	-1.2039728043259361	-1.2039728043259361	0
Perfect (100%)	1	1	E	1.8	1	10098	1796	-1.2039728043259361	-1.2039728043259361	0
Perfect (100%)	1	1	E	1.8	1.1	9178	1633	-1.2039728043259361	-1.2039728043259361	0
Perfect (100%)	1	1	E	1.8	1.2	8412	1496	-1.2039728043259361	-1.2039728043259361	0
Perfect (100%)	1	1	E	1.8	1.3	7764	1381	-1.2039728043259361	-1.2039728043259361	0
Perfect (100%)	1	1	E	1.8	1.4	7209	1282	-1.2039728043259361	-1.2039728043259361	0
Perfect (100%)	1	1	E	1.8	1.5	6727	1197	-1.2039728043259361	-1.203972804325936	2.220446049250313e-16
Perfect (100%)	1	1	E	1.8	1.6	6306	1122	-1.2039728043259361	-1.2039728043259361	0
Perfect (100%)	1	1	E	1.8	1.7000000000000002	5934	1056	-1.2039728043259361	-1.2039728043259361	0
Perfect (100%)	1	1	E	1.8	1.8	5604	997	-1.2039728043259361	-1.2039728043259361	0
Perfect (100%)	1	1	E	1.8	1.9	5308	944	-1.2039728043259361	-1.2039728043259361	0
Perfect (100%)	1	1	E	1.8	2	5042	897	-1.2039728043259361	-1.2039728043259361	0
Perfect (100%)	1	1	E	1.9	1	9566	1701	-1.2039728043259361	-1.2039728043259361	0
Perfect (100%)	1	1	E	1.9	1.1	8695	1547	-1.2039728043259361	-1.2039728043259361	0
Perfect (100%)	1	1	E	1.9	1.2	7969	1418	-1.2039728043259361	-1.2039728043259361	0
Perfect (100%)	1	1	E	1.9	1.3	7355	1308	-1.2039728043259361	-1.2039728043259361	0
Perfect (100%)	1	1	E	1.9	1.4	6828	1215	-1.2039728043259361	-1.2039728043259361	0
Perfect (100%)	1	1	E	1.9	1.5	6372	1134	-1.2039728043259361	-1.203972804325936	2.220446049250313e-16
Perfect (100%)	1	1	E	1.9	1.6	5973	1063	-1.2039728043259361	-1.2039728043259361	0
Perfect (100%)	1	1	E	1.9	1.7000000000000002	5621	1000	-1.2039728043259361	-1.2039728043259361	0
Perfect (100%)	1	1	E	1.9	1.8	5308	944	-1.2039728043259361	-1.2039728043259361	0
Perfect (100%)	1	1	E	1.9	1.9	5028	895	-1.2039728043259361	-1.2039728043259361	0
Perfect (100%)	1	1	E	1.9	2	4776	850	-1.2039728043259361	-1.2039728043259361	0
Perfect (100%)	1	1	E	2	1	9086	1616	-1.2039728043259361	-1.203972804325936	2.220446049250313e-16
Perfect (100%)	1	1	E	2	1.1	8259	1469	-1.2039728043259361	-1.203972804325936	2.220446049250313e-16
Perfect (100%)	1	1	E	2	1.2	7570	1347	-1.2039728043259361	-1.203972804325936	2.220446049250313e-16
Perfect (100%)	1	1	E	2	1.3	6986	1243	-1.2039728043259361	-1.2039728043259361	0
Perfect (100%)	1	1	E	2	1.4	6486	1154	-1.2039728043259361	-1.2039728043259361	0
Perfect (100%)	1	1	E	2	1.5	6053	1077	-1.2039728043259361	-1.203972804325936	2.220446049250313e-16
Perfect (100%)	1	1	E	2	1.6	5674	1009	-1.2039728043259361	-1.203972804325936	2.220446049250313e-16
Perfect (100%)	1	1	E	2	1.7000000000000002	5340	950	-1.2039728043259361	-1.2039728043259361	0
Perfect (100%)	1	1	E	2	1.8	5042	897	-1.2039728043259361	-1.2039728043259361	0
Perfect (100%)	1	1	E	2	1.9	4776	850	-1.2039728043259361	-1.2039728043259361	0
Perfect (100%)	1	1	E	2	2	4537	807	-1.2039728043259361	-1.2039728043259361	0
Near-Perfect	0.99	0.99	E	1	1	51539	9498	-1.2039728043259361	-0.4233230310057731	0.7806497733201629
Near-Perfect	0.99	0.99	E	1	1.1	43064	7936	-1.2039728043259361	-0.4544077765544583	0.7495650277714778
Near-Perfect	0.99	0.99	E	1	1.2	36752	6773	-1.2039728043259361	-0.48307478224897393	0.7208980220769622
Near-Perfect	0.99	0.99	E	1	1.3	31904	5880	-1.2039728043259361	-0.5096057935533557	0.6943670107725805
Near-Perfect	0.99	0.99	E	1	1.4	28084	5176	-1.2039728043259361	-0.5342390725568308	0.6697337317691053
Near-Perfect	0.99	0.99	E	1	1.5	25011	4609	-1.2039728043259361	-0.5571776797803644	0.6467951245455718
Near-Perfect	0.99	0.99	E	1	1.6	22495	4146	-1.2039728043259361	-0.5785958963533262	0.6253769079726099
Near-Perfect	0.99	0.99	E	1	1.7000000000000002	20403	3760	-1.2039728043259361	-0.5986442634501206	0.6053285408758156
Near-Perfect	0.99	0.99	E	1	1.8	18640	3435	-1.2039728043259361	-0.6174535794079175	0.5865192249180187
Near-Perfect	0.99	0.99	E	1	1.9	17137	3158	-1.2039728043259361	-0.6351381013021503	0.5688347030237858
Near-Perfect	0.99	0.99	E	1	2	15844	2920	-1.2039728043259361	-0.6517981323973533	0.5521746719285828
Near-Perfect	0.99	0.99	E	1.1	1	39810	7336	-1.2039728043259361	-0.46524627145575437	0.7387265328701818
Near-Perfect	0.99	0.99	E	1.1	1.1	33808	6231	-1.2039728043259361	-0.49528223911114244	0.7086905652147937
Near-Perfect	0.99	0.99	E	1.1	1.2	29238	5388	-1.2039728043259361	-0.522953440513129	0.6810193638128071
Near-Perfect	0.99	0.99	E	1.1	1.3	25663	4729	-1.2039728043259361	-0.5485376938768117	0.6554351104491244
Near-Perfect	0.99	0.99	E	1.1	1.4	22802	4202	-1.2039728043259361	-0.5722697127621237	0.6317030915638124
Near-Perfect	0.99	0.99	E	1.1	1.5	20471	3773	-1.2039728043259361	-0.5943493432968209	0.6096234610291152
Near-Perfect	0.99	0.99	E	1.1	1.6	18539	3417	-1.2039728043259361	-0.6149479479234624	0.5890248564024737
Near-Perfect	0.99	0.99	E	1.1	1.7000000000000002	16917	3118	-1.2039728043259361	-0.6342134115914222	0.5697593927345139
Near-Perfect	0.99	0.99	E	1.1	1.8	15539	2864	-1.2039728043259361	-0.6522741100167692	0.551698694309167
Near-Perfect	0.99	0.99	E	1.1	1.9	14354	2646	-1.2039728043259361	-0.6692420861258184	0.5347307182001177
Near-Perfect	0.99	0.99	E	1.1	2	13328	2456	-1.2039728043259361	-0.6852156155504736	0.5187571887754625
Near-Perfect	0.99	0.99	E	1.2	1	32056	5908	-1.2039728043259361	-0.5021923474385133	0.7017804568874229
Near-Perfect	0.99	0.99	E	1.2	1.1	27557	5079	-1.2039728043259361	-0.5312745037534281	0.672698300572508
Near-Perfect	0.99	0.99	E	1.2	1.2	24073	4436	-1.2039728043259361	-0.5580418252512125	0.6459309790747236
Near-Perfect	0.99	0.99	E	1.2	1.3	21309	3927	-1.2039728043259361	-0.5827682969138782	0.6212045074120579
Near-Perfect	0.99	0.99	E	1.2	1.4	19071	3515	-1.2039728043259361	-0.6056851814987914	0.5982876228271448
Near-Perfect	0.99	0.99	E	1.2	1.5	17228	3175	-1.2039728043259361	-0.6269892102237801	0.576983594102156
Near-Perfect	0.99	0.99	E	1.2	1.6	15687	2891	-1.2039728043259361	-0.6468489266110616	0.5571238777148745
Near-Perfect	0.99	0.99	E	1.2	1.7000000000000002	14383	2651	-1.2039728043259361	-0.6654096583330017	0.5385631459929344
Near-Perfect	0.99	0.99	E	1.2	1.8	13267	2445	-1.2039728043259361	-0.6827974558001508	0.5211753485257853
Near-Perfect	0.99	0.99	E	1.2	1.9	12303	2268	-1.2039728043259361	-0.6991222428815865	0.5048505614443496
Near-Perfect	0.99	0.99	E	1.2	2	11462	2113	-1.2039728043259361	-0.714480360025885	0.4894924443000511
Near-Perfect	0.99	0.99	E	1.3	1	27515	5071	-1.2039728043259361	-0.5271773348509793	0.6767954694749568
Near-Perfect	0.99	0.99	E	1.3	1.1	23800	4386	-1.2039728043259361	-0.5558306078180669	0.6481421965078692
Near-Perfect	0.99	0.99	E	1.3	1.2	20899	3852	-1.2039728043259361	-0.5821683927303067	0.6218044115956294
Near-Perfect	0.99	0.99	E	1.3	1.3	18581	3424	-1.2039728043259361	-0.6064681907060839	0.5975046136198522
Near-Perfect	0.99	0.99	E	1.3	1.4	16693	3076	-1.2039728043259361	-0.6289637758139637	0.5750090285119724
Near-Perfect	0.99	0.99	E	1.3	1.5	15129	2788	-1.2039728043259361	-0.649853654202831	0.5541191501231051
Near-Perfect	0.99	0.99	E	1.3	1.6	13817	2547	-1.2039728043259361	-0.6693076007377416	0.5346652035881945
Near-Perfect	0.99	0.99	E	1.3	1.7000000000000002	12701	2341	-1.2039728043259361	-0.6874717709506066	0.5165010333753295
Near-Perfect	0.99	0.99	E	1.3	1.8	11743	2164	-1.2039728043259361	-0.7044727425018007	0.4995000618241354
Near-Perfect	0.99	0.99	E	1.3	1.9	10912	2011	-1.2039728043259361	-0.7204207421195269	0.48355206220640923
Near-Perfect	0.99	0.99	E	1.3	2	10185	1877	-1.2039728043259361	-0.7354122456332787	0.46856055869265745
Near-Perfect	0.99	0.99	E	1.4	1	24948	4598	-1.2039728043259361	-0.54045375465357	0.6635190496723661
Near-Perfect	0.99	0.99	E	1.4	1.1	21608	3982	-1.2039728043259361	-0.5692203785806619	0.6347524257452742
Near-Perfect	0.99	0.99	E	1.4	1.2	18997	3501	-1.2039728043259361	-0.5956164957735491	0.608356308552387
Near-Perfect	0.99	0.99	E	1.4	1.3	16908	3116	-1.2039728043259361	-0.6199312386892077	0.5840415656367284
Near-Perfect	0.99	0.99	E	1.4	1.4	15205	2802	-1.2039728043259361	-0.6424074429874043	0.5615653613385319
Near-Perfect	0.99	0.99	E	1.4	1.5	13793	2542	-1.2039728043259361	-0.6632507371525048	0.5407220671734313
Near-Perfect	0.99	0.99	E	1.4	1.6	12607	2324	-1.2039728043259361	-0.6826365377296172	0.5213362665963189
Near-Perfect	0.99	0.99	E	1.4	1.7000000000000002	11597	2138	-1.2039728043259361	-0.7007154995364846	0.5032573047894515
Near-Perfect	0.99	0.99	E	1.4	1.8	10730	1978	-1.2039728043259361	-0.7176178097822706	0.4863549945436655
Near-Perfect	0.99	0.99	E	1.4	1.9	9977	1839	-1.2039728043259361	-0.7334566058837219	0.47051619844221426
Near-Perfect	0.99	0.99	E	1.4	2	9318	1717	-1.2039728043259361	-0.7483307212004204	0.4556420831255157
Near-Perfect	0.99	0.99	E	1.5	1	22795	4201	-1.2039728043259361	-0.552612656311257	0.6513601480146791
Near-Perfect	0.99	0.99	E	1.5	1.1	19767	3643	-1.2039728043259361	-0.5814611587396911	0.622511645586245
Near-Perfect	0.99	0.99	E	1.5	1.2	17397	3206	-1.2039728043259361	-0.6078908609908816	0.5960819433350545
Near-Perfect	0.99	0.99	E	1.5	1.3	15499	2857	-1.2039728043259361	-0.632201411859534	0.5717713924664021
Near-Perfect	0.99	0.99	E	1.5	1.4	13950	2571	-1.2039728043259361	-0.6546437939137628	0.5493290104121733
Near-Perfect	0.99	0.99	E	1.5	1.5	12665	2334	-1.2039728043259361	-0.6754300038149869	0.5285428005109493
Near-Perfect	0.99	0.99	E	1.5	1.6	11584	2135	-1.2039728043259361	-0.6947404749461602	0.5092323293797759
Near-Perfect	0.99	0.99	E	1.5	1.7000000000000002	10664	1966	-1.2039728043259361	-0.7127298413100103	0.49124296301592585
Near-Perfect	0.99	0.99	E	1.5	1.8	9872	1820	-1.2039728043259361	-0.7295314648581037	0.4744413394678324
Near-Perfect	0.99	0.99	E	1.5	1.9	9185	1693	-1.2039728043259361	-0.7452610287126652	0.4587117756132709
Near-Perfect	0.99	0.99	E	1.5	2	8582	1582	-1.2039728043259361	-0.7600194162278575	0.4439533880980786
Near-Perfect	0.99	0.99	E	1.6	1	20964	3864	-1.2039728043259361	-0.5638050981300518	0.6401677061958844
Near-Perfect	0.99	0.99	E	1.6	1.1	18200	3354	-1.2039728043259361	-0.5927107556474344	0.6112620486785018
Near-Perfect	0.99	0.99	E	1.6	1.2	16034	2955	-1.2039728043259361	-0.619155012282425	0.5848177920435111
Near-Perfect	0.99	0.99	E	1.6	1.3	14298	2635	-1.2039728043259361	-0.6434470547444001	0.560525749581536
Near-Perfect	0.99	0.99	E	1.6	1.4	12879	2374	-1.2039728043259361	-0.6658452157785224	0.5381275885474137
Near-Perfect	0.99	0.99	E	1.6	1.5	11701	2157	-1.2039728043259361	-0.686567207783289	0.5174055965426472
Near-Perfect	0.99	0.99	E	1.6	1.6	10710	1974	-1.2039728043259361	-0.7057979438487326	0.4981748604772035
Near-Perfect	0.99	0.99	E	1.6	1.7000000000000002	9865	1818	-1.2039728043259361	-0.7236955927526203	0.4802772115733158
Near-Perfect	0.99	0.99	E	1.6	1.8	9137	1684	-1.2039728043259361	-0.7403963217851728	0.46357648254076333
Near-Perfect	0.99	0.99	E	1.6	1.9	8505	1568	-1.2039728043259361	-0.7560180513959971	0.447954752929939
Near-Perfect	0.99	0.99	E	1.6	2	7951	1466	-1.2039728043259361	-0.7706634564784831	0.433309347847453
Near-Perfect	0.99	0.99	E	1.7000000000000002	1	19391	3574	-1.2039728043259361	-0.5741557435310043	0.6298170607949318
Near-Perfect	0.99	0.99	E	1.7000000000000002	1.1	16852	3106	-1.2039728043259361	-0.6030990019463134	0.6008738023796227
Near-Perfect	0.99	0.99	E	1.7000000000000002	1.2	14860	2739	-1.2039728043259361	-0.6295431080935487	0.5744296962323874
Near-Perfect	0.99	0.99	E	1.7000000000000002	1.3	13261	2444	-1.2039728043259361	-0.6538059255884765	0.5501668787374596
Near-Perfect	0.99	0.99	E	1.7000000000000002	1.4	11954	2203	-1.2039728043259361	-0.6761524409105032	0.5278203634154329
Near-Perfect	0.99	0.99	E	1.7000000000000002	1.5	10868	2003	-1.2039728043259361	-0.6968055154119961	0.50716728891394
Near-Perfect	0.99	0.99	E	1.7000000000000002	1.6	9953	1835	-1.2039728043259361	-0.7159540779902345	0.48801872633570165
Near-Perfect	0.99	0.99	E	1.7000000000000002	1.7000000000000002	9173	1691	-1.2039728043259361	-0.7337594504952821	0.470213353830654
Near-Perfect	0.99	0.99	E	1.7000000000000002	1.8	8501	1567	-1.2039728043259361	-0.7503602899530658	0.4536125143728703
Near-Perfect	0.99	0.99	E	1.7000000000000002	1.9	7917	1459	-1.2039728043259361	-0.7658764920214717	0.43809631230446444
Near-Perfect	0.99	0.99	E	1.7000000000000002	2	7404	1365	-1.2039728043259361	-0.7804123045418108	0.42356049978412535
Near-Perfect	0.99	0.99	E	1.8	1	18026	3322	-1.2039728043259361	-0.5837684059558328	0.6202043983701033
Near-Perfect	0.99	0.99	E	1.8	1.1	15680	2890	-1.2039728043259361	-0.6127337134590929	0.5912390908668432
Near-Perfect	0.99	0.99	E	1.8	1.2	13838	2551	-1.2039728043259361	-0.6391662727230768	0.5648065316028593
Near-Perfect	0.99	0.99	E	1.8	1.3	12359	2278	-1.2039728043259361	-0.663391864253848	0.5405809400720881
Near-Perfect	0.99	0.99	E	1.8	1.4	11149	2055	-1.2039728043259361	-0.6856815172591759	0.5182912870667602
Near-Perfect	0.99	0.99	E	1.8	1.5	10142	1869	-1.2039728043259361	-0.7062627476191714	0.4977100567067647
Near-Perfect	0.99	0.99	E	1.8	1.6	9293	1713	-1.2039728043259361	-0.7253280975313959	0.4786447067945402
Near-Perfect	0.99	0.99	E	1.8	1.7000000000000002	8569	1580	-1.2039728043259361	-0.7430417124239654	0.4609310919019707
Near-Perfect	0.99	0.99	E	1.8	1.8	7945	1465	-1.2039728043259361	-0.7595444679646077	0.4444283363613284
Near-Perfect	0.99	0.99	E	1.8	1.9	7402	1364	-1.2039728043259361	-0.7749580109439471	0.429014793381989
Near-Perfect	0.99	0.99	E	1.8	2	6926	1277	-1.2039728043259361	-0.7893879761619856	0.4145848281639505
Near-Perfect	0.99	0.99	E	1.9	1	16831	3102	-1.2039728043259361	-0.5927302488349496	0.6112425554909865
Near-Perfect	0.99	0.99	E	1.9	1.1	14654	2701	-1.2039728043259361	-0.6217051829113885	0.5822676214145476
Near-Perfect	0.99	0.99	E	1.9	1.2	12942	2385	-1.2039728043259361	-0.6481173533699714	0.5558554509559647
Near-Perfect	0.99	0.99	E	1.9	1.3	11567	2132	-1.2039728043259361	-0.6722997846007267	0.5316730197252094
Near-Perfect	0.99	0.99	E	1.9	1.4	10441	1924	-1.2039728043259361	-0.6945290105203415	0.5094437938055946
Near-Perfect	0.99	0.99	E	1.9	1.5	9503	1752	-1.2039728043259361	-0.7150367684592722	0.4889360358666639
Near-Perfect	0.99	0.99	E	1.9	1.6	8713	1606	-1.2039728043259361	-0.7340188631080236	0.46995394121791256
Near-Perfect	0.99	0.99	E	1.9	1.7000000000000002	8038	1482	-1.2039728043259361	-0.7516419776707489	0.4523308266551872
Near-Perfect	0.99	0.99	E	1.9	1.8	7455	1374	-1.2039728043259361	-0.7680489723972808	0.43592383192865536
Near-Perfect	0.99	0.99	E	1.9	1.9	6949	1281	-1.2039728043259361	-0.7833630526191905	0.42060975170674564
Near-Perfect	0.99	0.99	E	1.9	2	6504	1199	-1.2039728043259361	-0.7976910809488503	0.4062817233770858
Near-Perfect	0.99	0.99	E	2	1	15776	2908	-1.2039728043259361	-0.6011150072451239	0.6028577970808122
Near-Perfect	0.99	0.99	E	2	1.1	13747	2534	-1.2039728043259361	-0.630089613657636	0.5738831906683001
Near-Perfect	0.99	0.99	E	2	1.2	12150	2239	-1.2039728043259361	-0.6564745423733818	0.5474982619525544
Near-Perfect	0.99	0.99	E	2	1.3	10866	2003	-1.2039728043259361	-0.6806094637995155	0.5233633405264206
Near-Perfect	0.99	0.99	E	2	1.4	9814	1809	-1.2039728043259361	-0.7027759410952377	0.5011968632306985
Near-Perfect	0.99	0.99	E	2	1.5	8937	1647	-1.2039728043259361	-0.7232095521874162	0.4807632521385199
Near-Perfect	0.99	0.99	E	2	1.6	8198	1511	-1.2039728043259361	-0.7421090571912995	0.4618637471346366
Near-Perfect	0.99	0.99	E	2	1.7000000000000002	7566	1395	-1.2039728043259361	-0.7596434280404886	0.44432937628544755
Near-Perfect	0.99	0.99	E	2	1.8	7021	1294	-1.2039728043259361	-0.7759573064972968	0.42801549782863935
Near-Perfect	0.99	0.99	E	2	1.9	6546	1207	-1.2039728043259361	-0.7911752900570402	0.4127975142688959
Near-Perfect	0.99	0.99	E	2	2	6129	1130	-1.2039728043259361	-0.8054053322430637	0.39856747208287246
High Sens/High Spec	0.95	0.95	E	1	1	7322119	1538023	-1.2039728043259361	-0.019974125410956962	1.1839986789149792
High Sens/High Spec	0.95	0.95	E	1	1.1	2313195	485891	-1.2039728043259361	-0.03530680457630294	1.1686659997496331
High Sens/High Spec	0.95	0.95	E	1	1.2	1128285	236998	-1.2039728043259361	-0.05023352764635277	1.1537392766795833
High Sens/High Spec	0.95	0.95	E	1	1.3	670236	140785	-1.2039728043259361	-0.06477165370696732	1.1392011506189688
High Sens/High Spec	0.95	0.95	E	1	1.4	445792	93640	-1.2039728043259361	-0.07893749219392246	1.1250353121320136
High Sens/High Spec	0.95	0.95	E	1	1.5	319088	67025	-1.2039728043259361	-0.0927463849993921	1.111226419326544
High Sens/High Spec	0.95	0.95	E	1	1.6	240468	50511	-1.2039728043259361	-0.10621278072562726	1.0977600236003089
High Sens/High Spec	0.95	0.95	E	1	1.7000000000000002	188263	39545	-1.2039728043259361	-0.11935030196952774	1.0846225023564084
High Sens/High Spec	0.95	0.95	E	1	1.8	151784	31883	-1.2039728043259361	-0.13217180640793974	1.0718009979179963
High Sens/High Spec	0.95	0.95	E	1	1.9	125260	26311	-1.2039728043259361	-0.14468944235611364	1.0592833619698225
High Sens/High Spec	0.95	0.95	E	1	2	105347	22129	-1.2039728043259361	-0.15691469938819122	1.047058104937745
High Sens/High Spec	0.95	0.95	E	1.1	1	480785	100990	-1.2039728043259361	-0.07547355772754656	1.1284992465983896
High Sens/High Spec	0.95	0.95	E	1.1	1.1	329881	69292	-1.2039728043259361	-0.09052796139822729	1.1134448429277088
High Sens/High Spec	0.95	0.95	E	1.1	1.2	241302	50686	-1.2039728043259361	-0.10517936313868065	1.0987934411872555
High Sens/High Spec	0.95	0.95	E	1.1	1.3	184798	38817	-1.2039728043259361	-0.11944506982237951	1.0845277345035567
High Sens/High Spec	0.95	0.95	E	1.1	1.4	146495	30772	-1.2039728043259361	-0.13334133983437702	1.070631464491559
High Sens/High Spec	0.95	0.95	E	1.1	1.5	119296	25059	-1.2039728043259361	-0.1468834651450473	1.0570893391808889
High Sens/High Spec	0.95	0.95	E	1.1	1.6	99263	20851	-1.2039728043259361	-0.16008584553211783	1.0438869587938182
High Sens/High Spec	0.95	0.95	E	1.1	1.7000000000000002	84062	17658	-1.2039728043259361	-0.1729620558346429	1.0310107484912931
High Sens/High Spec	0.95	0.95	E	1.1	1.8	72244	15175	-1.2039728043259361	-0.18552490700871804	1.018447897317218
High Sens/High Spec	0.95	0.95	E	1.1	1.9	62864	13205	-1.2039728043259361	-0.19778650165732362	1.0061863026686124
High Sens/High Spec	0.95	0.95	E	1.1	2	55287	11614	-1.2039728043259361	-0.20975828462313853	0.9942145197027976
High Sens/High Spec	0.95	0.95	E	1.2	1	164843	34626	-1.2039728043259361	-0.12516304288991004	1.0788097614360261
High Sens/High Spec	0.95	0.95	E	1.2	1.1	130136	27336	-1.2039728043259361	-0.13996307682295425	1.0640097275029818
High Sens/High Spec	0.95	0.95	E	1.2	1.2	105646	22191	-1.2039728043259361	-0.15436291922114354	1.0496098851047926
High Sens/High Spec	0.95	0.95	E	1.2	1.3	87697	18421	-1.2039728043259361	-0.1683798248869623	1.0355929794389738
High Sens/High Spec	0.95	0.95	E	1.2	1.4	74132	15572	-1.2039728043259361	-0.18203000133996708	1.021942802985969
High Sens/High Spec	0.95	0.95	E	1.2	1.5	63620	13364	-1.2039728043259361	-0.1953286908550472	1.008644113470889
High Sens/High Spec	0.95	0.95	E	1.2	1.6	55298	11616	-1.2039728043259361	-0.20829024465021054	0.9956825596757256
High Sens/High Spec	0.95	0.95	E	1.2	1.7000000000000002	48592	10207	-1.2039728043259361	-0.22092819010749928	0.9830446142184368
High Sens/High Spec	0.95	0.95	E	1.2	1.8	43103	9054	-1.2039728043259361	-0.2332552917967815	0.9707175125291546
High Sens/High Spec	0.95	0.95	E	1.2	1.9	38550	8098	-1.2039728043259361	-0.24528360697476953	0.9586891973511666
High Sens/High Spec	0.95	0.95	E	1.2	2	34728	7295	-1.2039728043259361	-0.2570245361480522	0.9469482681778839
High Sens/High Spec	0.95	0.95	E	1.3	1	104038	21854	-1.2039728043259361	-0.15392025669672824	1.050052547629208
High Sens/High Spec	0.95	0.95	E	1.3	1.1	85367	17932	-1.2039728043259361	-0.16881394102666114	1.035158863299275
High Sens/High Spec	0.95	0.95	E	1.3	1.2	71489	15017	-1.2039728043259361	-0.18329632679190686	1.0206764775340293
High Sens/High Spec	0.95	0.95	E	1.3	1.3	60879	12788	-1.2039728043259361	-0.19738545594536896	1.0065873483805672
High Sens/High Spec	0.95	0.95	E	1.3	1.4	52576	11044	-1.2039728043259361	-0.21109825782651437	0.9928745464994218
High Sens/High Spec	0.95	0.95	E	1.3	1.5	45949	9652	-1.2039728043259361	-0.22445063763107662	0.9795221666948595
High Sens/High Spec	0.95	0.95	E	1.3	1.6	40570	8522	-1.2039728043259361	-0.23745755629177828	0.9665152480341579
High Sens/High Spec	0.95	0.95	E	1.3	1.7000000000000002	36140	7592	-1.2039728043259361	-0.2501331027504817	0.9538397015754545
High Sens/High Spec	0.95	0.95	E	1.3	1.8	32445	6816	-1.2039728043259361	-0.26249055947410704	0.9414822448518291
High Sens/High Spec	0.95	0.95	E	1.3	1.9	29328	6161	-1.2039728043259361	-0.27454246195732196	0.9294303423686141
High Sens/High Spec	0.95	0.95	E	1.3	2	26673	5603	-1.2039728043259361	-0.2863006528614578	0.9176721514644783
High Sens/High Spec	0.95	0.95	E	1.4	1	91574	19236	-1.2039728043259361	-0.16120109758380644	1.0427717067421296
High Sens/High Spec	0.95	0.95	E	1.4	1.1	75306	15819	-1.2039728043259361	-0.17656941688718983	1.0274033874387463
High Sens/High Spec	0.95	0.95	E	1.4	1.2	63183	13272	-1.2039728043259361	-0.19149923059231777	1.0124735737336183
High Sens/High Spec	0.95	0.95	E	1.4	1.3	53895	11321	-1.2039728043259361	-0.20601038204454794	0.9979624222813882
High Sens/High Spec	0.95	0.95	E	1.4	1.4	46613	9792	-1.2039728043259361	-0.22012145286264953	0.9838513514632866
High Sens/High Spec	0.95	0.95	E	1.4	1.5	40792	8569	-1.2039728043259361	-0.23384986631106944	0.9701229380148667
High Sens/High Spec	0.95	0.95	E	1.4	1.6	36060	7575	-1.2039728043259361	-0.24721198033797984	0.9567608239879563
High Sens/High Spec	0.95	0.95	E	1.4	1.7000000000000002	32158	6755	-1.2039728043259361	-0.2602231714931151	0.943749632832821
High Sens/High Spec	0.95	0.95	E	1.4	1.8	28899	6071	-1.2039728043259361	-0.2728979107762775	0.9310748935496587
High Sens/High Spec	0.95	0.95	E	1.4	1.9	26148	5493	-1.2039728043259361	-0.285249832328826	0.9187229719971102
High Sens/High Spec	0.95	0.95	E	1.4	2	23801	5000	-1.2039728043259361	-0.29729179576240966	0.9066810085635264
High Sens/High Spec	0.95	0.95	E	1.5	1	81386	17096	-1.2039728043259361	-0.1681358296386425	1.0358369746872937
High Sens/High Spec	0.95	0.95	E	1.5	1.1	67065	14088	-1.2039728043259361	-0.18394206129426388	1.0200307430316722
High Sens/High Spec	0.95	0.95	E	1.5	1.2	56369	11841	-1.2039728043259361	-0.19928393144497647	1.0046888728809598
High Sens/High Spec	0.95	0.95	E	1.5	1.3	48157	10116	-1.2039728043259361	-0.21418304417333692	0.9897897601525992
High Sens/High Spec	0.95	0.95	E	1.5	1.4	41708	8761	-1.2039728043259361	-0.22865959187297966	0.9753132124529564
High Sens/High Spec	0.95	0.95	E	1.5	1.5	36544	7677	-1.2039728043259361	-0.24273247403177778	0.9612403302941583
High Sens/High Spec	0.95	0.95	E	1.5	1.6	32341	6794	-1.2039728043259361	-0.2564194038260184	0.9475534004999178
High Sens/High Spec	0.95	0.95	E	1.5	1.7000000000000002	28871	6065	-1.2039728043259361	-0.2697370039946037	0.9342358003313325
High Sens/High Spec	0.95	0.95	E	1.5	1.8	25971	5456	-1.2039728043259361	-0.2827008932598601	0.9212719110660761
High Sens/High Spec	0.95	0.95	E	1.5	1.9	23519	4941	-1.2039728043259361	-0.2953257643903882	0.908647039935548
High Sens/High Spec	0.95	0.95	E	1.5	2	21427	4501	-1.2039728043259361	-0.30762545485617654	0.8963473494697596
High Sens/High Spec	0.95	0.95	E	1.6	1	72934	15320	-1.2039728043259361	-0.17476005422805405	1.029212750097882
High Sens/High Spec	0.95	0.95	E	1.6	1.1	60217	12649	-1.2039728043259361	-0.19097191873983213	1.013000885586104
High Sens/High Spec	0.95	0.95	E	1.6	1.2	50697	10649	-1.2039728043259361	-0.20669484139024116	0.9972779629356949
High Sens/High Spec	0.95	0.95	E	1.6	1.3	43375	9111	-1.2039728043259361	-0.2219521423096895	0.9820206620162466
High Sens/High Spec	0.95	0.95	E	1.6	1.4	37615	7901	-1.2039728043259361	-0.23676558001217685	0.9672072243137593
High Sens/High Spec	0.95	0.95	E	1.6	1.5	32996	6931	-1.2039728043259361	-0.25115548597418147	0.9528173183517546
High Sens/High Spec	0.95	0.95	E	1.6	1.6	29233	6141	-1.2039728043259361	-0.26514088507648403	0.9388319192494521
High Sens/High Spec	0.95	0.95	E	1.6	1.7000000000000002	26122	5487	-1.2039728043259361	-0.278739603652239	0.9252332006736972
High Sens/High Spec	0.95	0.95	E	1.6	1.8	23518	4940	-1.2039728043259361	-0.29196836663893666	0.9120044376869995
High Sens/High Spec	0.95	0.95	E	1.6	1.9	21316	4478	-1.2039728043259361	-0.3048428851250052	0.899129919200931
High Sens/High Spec	0.95	0.95	E	1.6	2	19435	4083	-1.2039728043259361	-0.31737793540695514	0.886594868918981
High Sens/High Spec	0.95	0.95	E	1.7000000000000002	1	65834	13829	-1.2039728043259361	-0.1811045030202357	1.0228683013057005
High Sens/High Spec	0.95	0.95	E	1.7000000000000002	1.1	54454	11439	-1.2039728043259361	-0.1976934920311616	1.0062793122947746
High Sens/High Spec	0.95	0.95	E	1.7000000000000002	1.2	45918	9645	-1.2039728043259361	-0.21377015830642404	0.9902026460195121
High Sens/High Spec	0.95	0.95	E	1.7000000000000002	1.3	39340	8264	-1.2039728043259361	-0.22935949080039925	0.9746133135255368
High Sens/High Spec	0.95	0.95	E	1.7000000000000002	1.4	34157	7175	-1.2039728043259361	-0.24448476767117683	0.9594880366547593
High Sens/High Spec	0.95	0.95	E	1.7000000000000002	1.5	29997	6301	-1.2039728043259361	-0.25916770693215085	0.9448050973937853
High Sens/High Spec	0.95	0.95	E	1.7000000000000002	1.6	26602	5588	-1.2039728043259361	-0.2734286009402824	0.9305442033856537
High Sens/High Spec	0.95	0.95	E	1.7000000000000002	1.7000000000000002	23792	4998	-1.2039728043259361	-0.2872864367558734	0.9166863675700627
High Sens/High Spec	0.95	0.95	E	1.7000000000000002	1.8	21439	4504	-1.2039728043259361	-0.3007590041160579	0.9032138002098782
High Sens/High Spec	0.95	0.95	E	1.7000000000000002	1.9	19447	4085	-1.2039728043259361	-0.31386299251873034	0.8901098118072057
High Sens/High Spec	0.95	0.95	E	1.7000000000000002	2	17744	3727	-1.2039728043259361	-0.3266140787068708	0.8773587256190654
High Sens/High Spec	0.95	0.95	E	1.8	1	59801	12562	-1.2039728043259361	-0.18719584788830276	1.0167769564376334
High Sens/High Spec	0.95	0.95	E	1.8	1.1	49551	10409	-1.2039728043259361	-0.20413667412602304	0.999836130199913
High Sens/High Spec	0.95	0.95	E	1.8	1.2	41845	8790	-1.2039728043259361	-0.220542921793335	0.9834298825326011
High Sens/High Spec	0.95	0.95	E	1.8	1.3	35898	7541	-1.2039728043259361	-0.2364412000430633	0.9675316042828728
High Sens/High Spec	0.95	0.95	E	1.8	1.4	31205	6555	-1.2039728043259361	-0.25185625936856604	0.9521165449573701
High Sens/High Spec	0.95	0.95	E	1.8	1.5	27433	5763	-1.2039728043259361	-0.2668111585116932	0.9371616458142429
High Sens/High Spec	0.95	0.95	E	1.8	1.6	24351	5115	-1.2039728043259361	-0.28132741311689585	0.9226453912090402
High Sens/High Spec	0.95	0.95	E	1.8	1.7000000000000002	21798	4579	-1.2039728043259361	-0.29542512847298313	0.9085476758529529
High Sens/High Spec	0.95	0.95	E	1.8	1.8	19658	4130	-1.2039728043259361	-0.30912311834108397	0.89484968598485215
High Sens/High Spec	0.95	0.95	E	1.8	1.9	17845	3749	-1.2039728043259361	-0.32243901158062077	0.8815337927453153
High Sens/High Spec	0.95	0.95	E	1.8	2	16293	3423	-1.2039728043259361	-0.33538934804444764	0.8685834562814885
High Sens/High Spec	0.95	0.95	E	1.9	1	54626	11475	-1.2039728043259361	-0.19305735418495343	1.0109154501409827
High Sens/High Spec	0.95	0.95	E	1.9	1.1	45338	9524	-1.2039728043259361	-0.21032749782537724	0.9936453065005588
High Sens/High Spec	0.95	0.95	E	1.9	1.2	38342	8054	-1.2039728043259361	-0.2270418605572555	0.9769309437686806
High Sens/High Spec	0.95	0.95	E	1.9	1.3	32933	6918	-1.2039728043259361	-0.24322862255562272	0.9607441817703134
High Sens/High Spec	0.95	0.95	E	1.9	1.4	28660	6020	-1.2039728043259361	-0.2589139592389779	0.9450588450869581
High Sens/High Spec	0.95	0.95	E	1.9	1.5	25220	5298	-1.2039728043259361	-0.27412222453721674	0.9298505797887193
High Sens/High Spec	0.95	0.95	E	1.9	1.6	22407	4707	-1.2039728043259361	-0.2888761137635351	0.915096690562401
High Sens/High Spec	0.95	0.95	E	1.9	1.7000000000000002	20075	4217	-1.2039728043259361	-0.303196808751667	0.9007759955742691
High Sens/High Spec	0.95	0.95	E	1.9	1.8	18118	3806	-1.2039728043259361	-0.31710410752343754	0.8868686968024986
High Sens/High Spec	0.95	0.95	E	1.9	1.9	16458	3457	-1.2039728043259361	-0.330616540421288	0.8733562639046482
High Sens/High Spec	0.95	0.95	E	1.9	2	15037	3159	-1.2039728043259361	-0.3437514743640356	0.8602213299619006
High Sens/High Spec	0.95	0.95	E	2	1	50148	10534	-1.2039728043259361	-0.19870941165016745	1.0052633926757686
High Sens/High Spec	0.95	0.95	E	2	1.1	41687	8757	-1.2039728043259361	-0.21628874358478342	0.9876840607411527
High Sens/High Spec	0.95	0.95	E	2	1.2	35302	7416	-1.2039728043259361	-0.23329207784531525	0.9706807264806209
High Sens/High Spec	0.95	0.95	E	2	1.3	30358	6377	-1.2039728043259361	-0.24974911653628676	0.9542236877896494
High Sens/High Spec	0.95	0.95	E	2	1.4	26447	5556	-1.2039728043259361	-0.2656874130250169	0.9382853913009193
High Sens/High Spec	0.95	0.95	E	2	1.5	23295	4893	-1.2039728043259361	-0.2811325716048907	0.9228402327210454
High Sens/High Spec	0.95	0.95	E	2	1.6	20714	4351	-1.2039728043259361	-0.2961084245801273	0.9078643797458088
High Sens/High Spec	0.95	0.95	E	2	1.7000000000000002	18573	3902	-1.2039728043259361	-0.3106371897645844	0.8933356145613518
High Sens/High Spec	0.95	0.95	E	2	1.8	16775	3524	-1.2039728043259361	-0.32473961093455284	0.8792331933913833
High Sens/High Spec	0.95	0.95	E	2	1.9	15248	3203	-1.2039728043259361	-0.3384350833994909	0.8655377209264452
High Sens/High Spec	0.95	0.95	E	2	2	13940	2929	-1.2039728043259361	-0.35174176654092604	0.8522310377850101
High Sens/Low Spec	0.95	0.7	E	1	1	30834	12814	-1.2039728043259361	0.14085840003625152	1.3448312043621877
High Sens/Low Spec	0.95	0.7	E	1	1.1	32401	13466	-1.2039728043259361	0.13724646228360743	1.3412192666095435
High Sens/Low Spec	0.95	0.7	E	1	1.2	34086	14166	-1.2039728043259361	0.13365413953398658	1.3376269438599226
High Sens/Low Spec	0.95	0.7	E	1	1.3	35900	14920	-1.2039728043259361	0.1300812759967748	1.334054080322711
High Sens/Low Spec	0.95	0.7	E	1	1.4	37856	15733	-1.2039728043259361	0.12652771792743836	1.3305005222533746
High Sens/Low Spec	0.95	0.7	E	1	1.5	39970	16612	-1.2039728043259361	0.12299331359307046	1.3269661179190066
High Sens/Low Spec	0.95	0.7	E	1	1.6	42259	17563	-1.2039728043259361	0.11947791323866644	1.3234507175646026
High Sens/Low Spec	0.95	0.7	E	1	1.7000000000000002	44743	18595	-1.2039728043259361	0.11598136905411	1.3199541733800462
High Sens/Low Spec	0.95	0.7	E	1	1.8	47443	19717	-1.2039728043259361	0.11250353514185474	1.316476339467791
High Sens/Low Spec	0.95	0.7	E	1	1.9	50386	20940	-1.2039728043259361	0.10904426748527889	1.313017071811215
High Sens/Low Spec	0.95	0.7	E	1	2	53602	22277	-1.2039728043259361	0.10560342391770493	1.309576228243641
High Sens/Low Spec	0.95	0.7	E	1.1	1	97469	40508	-1.2039728043259361	0.0770036682214977	1.2809764725474337
High Sens/Low Spec	0.95	0.7	E	1.1	1.1	107013	44474	-1.2039728043259361	0.07340461602805978	1.2773774203539958
High Sens/Low Spec	0.95	0.7	E	1.1	1.2	117993	49037	-1.2039728043259361	0.06982540420447349	1.2737982085304096
High Sens/Low Spec	0.95	0.7	E	1.1	1.3	130709	54322	-1.2039728043259361	0.06626587800825122	1.2702386823341874
High Sens/Low Spec	0.95	0.7	E	1.1	1.4	145546	60488	-1.2039728043259361	0.06272588474909323	1.2666986890750294
High Sens/Low Spec	0.95	0.7	E	1.1	1.5	163000	67742	-1.2039728043259361	0.05920527375447411	1.2631780780804103
High Sens/Low Spec	0.95	0.7	E	1.1	1.6	183720	76353	-1.2039728043259361	0.05570389633596006	1.259676700661896
High Sens/Low Spec	0.95	0.7	E	1.1	1.7000000000000002	208569	86680	-1.2039728043259361	0.052221605756239645	1.2561944100821758
High Sens/Low Spec	0.95	0.7	E	1.1	1.8	238715	99209	-1.2039728043259361	0.04875825719684673	1.252731061522783
High Sens/Low Spec	0.95	0.7	E	1.1	1.9	275772	114609	-1.2039728043259361	0.045313707726561674	1.2492865120524979
High Sens/Low Spec	0.95	0.7	E	1.1	2	322010	133825	-1.2039728043259361	0.04188781627047123	1.2458606205964073
High Sens/Low Spec	0.95	0.7	E	1.2	1	1540284	640131	-1.2039728043259361	0.01888335520448376	1.22285615953042
High Sens/Low Spec	0.95	0.7	E	1.2	1.1	2343664	974010	-1.2039728043259361	0.015291123676462808	1.219263928002399
High Sens/Low Spec	0.95	0.7	E	1.2	1.2	3981205	1654560	-1.2039728043259361	0.01171897333182734	1.2156917776577634
High Sens/Low Spec	0.95	0.7	E	1.2	1.3	8179361	3399284	-1.2039728043259361	0.008166750683890616	1.2121395550098268
High Sens/Low Spec	0.95	0.7	E	1.2	1.4	25344147	10532845	-1.2039728043259361	0.004634304306211178	1.2086071086321473
High Sens/Low Spec	0.95	0.7	E	1.2	1.5	431810652	179457391	-1.2039728043259361	0.0011214847982416404	1.2050942891241778
High Sens/Low Spec	0.95	0.7	E	1.2	1.6	96325574	40032214	-1.2039728043259361	-0.002371855248291642	1.2016009490776445
High Sens/Low Spec	0.95	0.7	E	1.2	1.7000000000000002	15822067	6575537	-1.2039728043259361	-0.0058458612822958975	1.1981269430436403
High Sens/Low Spec	0.95	0.7	E	1.2	1.8	6237029	2592065	-1.2039728043259361	-0.00930067682552524	1.1946721275004109
High Sens/Low Spec	0.95	0.7	E	1.2	1.9	3318651	1379208	-1.2039728043259361	-0.01273644350411662	1.1912363608218195
High Sens/Low Spec	0.95	0.7	E	1.2	2	2058688	855576	-1.2039728043259361	-0.01615330107946638	1.1878195032464698
High Sens/Low Spec	0.95	0.7	E	1.3	1	3548988	1474934	-1.2039728043259361	-0.012205942746338698	1.1917668615795973
High Sens/Low Spec	0.95	0.7	E	1.3	1.1	2092903	869796	-1.2039728043259361	-0.01587649624393756	1.1880963080819986
High Sens/Low Spec	0.95	0.7	E	1.3	1.2	1380540	573743	-1.2039728043259361	-0.0195259749617756	1.1844468293641606
High Sens/Low Spec	0.95	0.7	E	1.3	1.3	979542	407091	-1.2039728043259361	-0.023154540367045583	1.1808182639588904
High Sens/Low Spec	0.95	0.7	E	1.3	1.4	731598	304047	-1.2039728043259361	-0.026762351693382147	1.177210452632554
High Sens/Low Spec	0.95	0.7	E	1.3	1.5	567605	235893	-1.2039728043259361	-0.03034956597860939	1.1736232383473266
High Sens/Low Spec	0.95	0.7	E	1.3	1.6	453490	188467	-1.2039728043259361	-0.03391633810166705	1.1700564662242692
High Sens/Low Spec	0.95	0.7	E	1.3	1.7000000000000002	370872	154132	-1.2039728043259361	-0.03746282081873715	1.166509983507199
High Sens/Low Spec	0.95	0.7	E	1.3	1.8	309122	128469	-1.2039728043259361	-0.04098916479859012	1.162983639527346
High Sens/Low Spec	0.95	0.7	E	1.3	1.9	261748	108781	-1.2039728043259361	-0.044495518657173626	1.1594772856687625
High Sens/Low Spec	0.95	0.7	E	1.3	2	224601	93343	-1.2039728043259361	-0.04798202899145957	1.1559907753344765
High Sens/Low Spec	0.95	0.7	E	1.4	1	2457547	1021339	-1.2039728043259361	-0.014478856217898545	1.1894939481080375
High Sens/Low Spec	0.95	0.7	E	1.4	1.1	1531181	636348	-1.2039728043259361	-0.01832156644074205	1.185651237885194
High Sens/Low Spec	0.95	0.7	E	1.4	1.2	1046001	434711	-1.2039728043259361	-0.022141307213620995	1.1818314971123152
High Sens/Low Spec	0.95	0.7	E	1.4	1.3	760412	316022	-1.2039728043259361	-0.025938259669224892	1.1780345446567113
High Sens/Low Spec	0.95	0.7	E	1.4	1.4	578157	240278	-1.2039728043259361	-0.029712602313781564	1.1742602020121546
High Sens/Low Spec	0.95	0.7	E	1.4	1.5	454737	188986	-1.2039728043259361	-0.0334645110730431	1.170508293252893
High Sens/Low Spec	0.95	0.7	E	1.4	1.6	367271	152635	-1.2039728043259361	-0.037194159337230547	1.1667786449887056
High Sens/Low Spec	0.95	0.7	E	1.4	1.7000000000000002	303015	125931	-1.2039728043259361	-0.040901718004965	1.1630710863209712
High Sens/Low Spec	0.95	0.7	E	1.4	1.8	254414	105733	-1.2039728043259361	-0.04458735552621083	1.1593854487997253
High Sens/Low Spec	0.95	0.7	E	1.4	1.9	216755	90082	-1.2039728043259361	-0.04825123794425484	1.1557215663816813
High Sens/Low Spec	0.95	0.7	E	1.4	2	186975	77706	-1.2039728043259361	-0.051893528936755334	1.1520792753891809
High Sens/Low Spec	0.95	0.7	E	1.5	1	1782059	740611	-1.2039728043259361	-0.016793291009207456	1.1871795133167287
High Sens/Low Spec	0.95	0.7	E	1.5	1.1	1158791	481585	-1.2039728043259361	-0.020800416167614903	1.1831723881583212
High Sens/Low Spec	0.95	0.7	E	1.5	1.2	814353	338439	-1.2039728043259361	-0.024782706104294686	1.1791900982216414
High Sens/Low Spec	0.95	0.7	E	1.5	1.3	604077	251050	-1.2039728043259361	-0.02874036151771751	1.1752324428082186
High Sens/Low Spec	0.95	0.7	E	1.5	1.4	466289	193786	-1.2039728043259361	-0.0326735800657423	1.1712992242601938
High Sens/Low Spec	0.95	0.7	E	1.5	1.5	371088	154222	-1.2039728043259361	-0.03658255642052516	1.167390247905411
High Sens/Low Spec	0.95	0.7	E	1.5	1.6	302549	125737	-1.2039728043259361	-0.04046748232213783	1.1635053220037983
High Sens/Low Spec	0.95	0.7	E	1.5	1.7000000000000002	251552	104544	-1.2039728043259361	-0.0443285466309296	1.1596442576950066
High Sens/Low Spec	0.95	0.7	E	1.5	1.8	212573	88344	-1.2039728043259361	-0.04816593537866755	1.1558068689472685
High Sens/Low Spec	0.95	0.7	E	1.5	1.9	182103	75681	-1.2039728043259361	-0.051979831818487775	1.1519929725074483
High Sens/Low Spec	0.95	0.7	E	1.5	2	157827	65592	-1.2039728043259361	-0.055770416473688154	1.148202387852248
High Sens/Low Spec	0.95	0.7	E	1.6	1	1338823	556405	-1.2039728043259361	-0.01914615457692321	1.184826649749013
High Sens/Low Spec	0.95	0.7	E	1.6	1.1	900960	374433	-1.2039728043259361	-0.023310765325957324	1.180662038999979
High Sens/Low Spec	0.95	0.7	E	1.6	1.2	648207	269390	-1.2039728043259361	-0.027448705898743573	1.1765240984271925
High Sens/Low Spec	0.95	0.7	E	1.6	1.3	489127	203278	-1.2039728043259361	-0.0315601963273668	1.1724126079985693
High Sens/Low Spec	0.95	0.7	E	1.6	1.4	382510	158969	-1.2039728043259361	-0.035645453170161726	1.1683273511557744
High Sens/Low Spec	0.95	0.7	E	1.6	1.5	307555	127818	-1.2039728043259361	-0.03970468957616296	1.164268114749773
High Sens/Low Spec	0.95	0.7	E	1.6	1.6	252841	105079	-1.2039728043259361	-0.04373811534798349	1.1602346889779527
High Sens/Low Spec	0.95	0.7	E	1.6	1.7000000000000002	211671	87969	-1.2039728043259361	-0.04774593700316602	1.15622686732277
High Sens/Low Spec	0.95	0.7	E	1.6	1.8	179908	74769	-1.2039728043259361	-0.051728357834054293	1.1522444464918817
High Sens/Low Spec	0.95	0.7	E	1.6	1.9	154881	64368	-1.2039728043259361	-0.05568557796622168	1.1482872263597144
High Sens/Low Spec	0.95	0.7	E	1.6	2	134808	56026	-1.2039728043259361	-0.05961779441549942	1.1443550099104367
High Sens/Low Spec	0.95	0.7	E	1.7000000000000002	1	1034520	429939	-1.2039728043259361	-0.021534789241920337	1.1824380150840157
High Sens/Low Spec	0.95	0.7	E	1.7000000000000002	1.1	716125	297617	-1.2039728043259361	-0.02585067324687041	1.1781221310790657
High Sens/Low Spec	0.95	0.7	E	1.7000000000000002	1.2	525558	218418	-1.2039728043259361	-0.0301380840807734	1.1738347202451627
High Sens/Low Spec	0.95	0.7	E	1.7000000000000002	1.3	402466	167262	-1.2039728043259361	-0.03439726076370866	1.1695755435622275
High Sens/Low Spec	0.95	0.7	E	1.7000000000000002	1.4	318342	132301	-1.2039728043259361	-0.03862843839186169	1.1653443659340745
High Sens/Low Spec	0.95	0.7	E	1.7000000000000002	1.5	258292	107345	-1.2039728043259361	-0.04283184821205445	1.1611409561138817
High Sens/Low Spec	0.95	0.7	E	1.7000000000000002	1.6	213919	88903	-1.2039728043259361	-0.04700771769439503	1.156965086631541
High Sens/Low Spec	0.95	0.7	E	1.7000000000000002	1.7000000000000002	180193	74887	-1.2039728043259361	-0.051156270603110975	1.152816533722825
High Sens/Low Spec	0.95	0.7	E	1.7000000000000002	1.8	153954	63982	-1.2039728043259361	-0.0552777270656126	1.1486950772603235
High Sens/Low Spec	0.95	0.7	E	1.7000000000000002	1.9	133132	55329	-1.2039728043259361	-0.0593723036398403	1.1446005006860958
High Sens/Low Spec	0.95	0.7	E	1.7000000000000002	2	116329	48346	-1.2039728043259361	-0.06344021337994345	1.1405325909459927
High Sens/Low Spec	0.95	0.7	E	1.8	1	817915	339920	-1.2039728043259361	-0.023956909108120535	1.1800158952178157
High Sens/Low Spec	0.95	0.7	E	1.8	1.1	579780	240953	-1.2039728043259361	-0.02841848971355293	1.1755543146123832
High Sens/Low Spec	0.95	0.7	E	1.8	1.2	432814	179875	-1.2039728043259361	-0.03284982668032339	1.1711229776456127
High Sens/Low Spec	0.95	0.7	E	1.8	1.3	335734	139529	-1.2039728043259361	-0.037251177573748274	1.1667216267521878
High Sens/Low Spec	0.95	0.7	E	1.8	1.4	268243	111480	-1.2039728043259361	-0.041622795569786535	1.1623500087561496
High Sens/Low Spec	0.95	0.7	E	1.8	1.5	219411	91186	-1.2039728043259361	-0.04596492954011334	1.1580078747858227
High Sens/Low Spec	0.95	0.7	E	1.8	1.6	182931	76025	-1.2039728043259361	-0.050277824134988915	1.1536949801909473
High Sens/Low Spec	0.95	0.7	E	1.8	1.7000000000000002	154952	64397	-1.2039728043259361	-0.05456171986398533	1.1494110844619507
High Sens/Low Spec	0.95	0.7	E	1.8	1.8	133018	55281	-1.2039728043259361	-0.058816853174635426	1.1451559511513008
High Sens/Low Spec	0.95	0.7	E	1.8	1.9	115499	48001	-1.2039728043259361	-0.06304345652906858	1.1409293477968676
High Sens/Low Spec	0.95	0.7	E	1.8	2	101282	42092	-1.2039728043259361	-0.06724175847868671	1.1367310458472495
High Sens/Low Spec	0.95	0.7	E	1.9	1	659108	273921	-1.2039728043259361	-0.026410547938199042	1.177562256387737
High Sens/Low Spec	0.95	0.7	E	1.9	1.1	476771	198143	-1.2039728043259361	-0.031012814534591517	1.1729599897913445
High Sens/Low Spec	0.95	0.7	E	1.9	1.2	361237	150128	-1.2039728043259361	-0.03558309969731125	1.168389704628625
High Sens/Low Spec	0.95	0.7	E	1.9	1.3	283411	117784	-1.2039728043259361	-0.04012167901094473	1.1638511253149915
High Sens/Low Spec	0.95	0.7	E	1.9	1.4	228479	94954	-1.2039728043259361	-0.044628823191338325	1.1593439811345978
High Sens/Low Spec	0.95	0.7	E	1.9	1.5	188251	78236	-1.2039728043259361	-0.04910479818161202	1.1548680061443242
High Sens/Low Spec	0.95	0.7	E	1.9	1.6	157900	65622	-1.2039728043259361	-0.053549865245610735	1.1504229390803253
High Sens/Low Spec	0.95	0.7	E	1.9	1.7000000000000002	134431	55869	-1.2039728043259361	-0.05796428105886951	1.1460085232670667
High Sens/Low Spec	0.95	0.7	E	1.9	1.8	115904	48169	-1.2039728043259361	-0.06234829779717129	1.141624506528765
High Sens/Low Spec	0.95	0.7	E	1.9	1.9	101018	41983	-1.2039728043259361	-0.06670216322276466	1.1372706411031714
High Sens/Low Spec	0.95	0.7	E	1.9	2	88876	36936	-1.2039728043259361	-0.07102612076831936	1.1329466835576167
High Sens/Low Spec	0.95	0.7	E	2	1	539770	224325	-1.2039728043259361	-0.028894015843989932	1.1750787884819462
High Sens/Low Spec	0.95	0.7	E	2	1.1	397352	165137	-1.2039728043259361	-0.03363246399278252	1.1703403403331536
High Sens/Low Spec	0.95	0.7	E	2	1.2	305020	126764	-1.2039728043259361	-0.038337225425574536	1.1656355789003616
High Sens/Low Spec	0.95	0.7	E	2	1.3	241736	100464	-1.2039728043259361	-0.043008593148912026	1.1609642111770242
High Sens/Low Spec	0.95	0.7	E	2	1.4	196460	81648	-1.2039728043259361	-0.047646854808429825	1.1563259495175062
High Sens/Low Spec	0.95	0.7	E	2	1.5	162940	67717	-1.2039728043259361	-0.05225229279612438	1.1517205115298117
High Sens/Low Spec	0.95	0.7	E	2	1.6	137424	57113	-1.2039728043259361	-0.0568251843546804	1.1471476199712558
High Sens/Low Spec	0.95	0.7	E	2	1.7000000000000002	117544	48851	-1.2039728043259361	-0.06136580167894667	1.1426070026469894
High Sens/Low Spec	0.95	0.7	E	2	1.8	101751	42287	-1.2039728043259361	-0.06587441201464883	1.1380983923112873
High Sens/Low Spec	0.95	0.7	E	2	1.9	88992	36985	-1.2039728043259361	-0.07035127775442203	1.1336215265715142
High Sens/Low Spec	0.95	0.7	E	2	2	78535	32639	-1.2039728043259361	-0.0747966565312462	1.12917614779469
Low Sens/High Spec	0.7	0.95	E	1	1	5841387	967292	-1.2039728043259361	0.02293387454905429	1.2269066788749905
Low Sens/High Spec	0.7	0.95	E	1	1.1	27148989	4495677	-1.2039728043259361	0.010584726678022554	1.2145575310039587
Low Sens/High Spec	0.7	0.95	E	1	1.2	1319571624	218511539	-1.2039728043259361	-0.0015107698818393402	1.2024620344440968
Low Sens/High Spec	0.7	0.95	E	1	1.3	16708377	2766787	-1.2039728043259361	-0.01336108922714458	1.1906117150987916
Low Sens/High Spec	0.7	0.95	E	1	1.4	4736841	784387	-1.2039728043259361	-0.024974300632161307	1.178998503693775
Low Sens/High Spec	0.7	0.95	E	1	1.5	2214101	366640	-1.2039728043259361	-0.03635809372065499	1.1676147106052812
Low Sens/High Spec	0.7	0.95	E	1	1.6	1284218	212658	-1.2039728043259361	-0.04751980171486694	1.156453002611069
Low Sens/High Spec	0.7	0.95	E	1	1.7000000000000002	840670	139209	-1.2039728043259361	-0.058466422935159426	1.1455063813907767
Low Sens/High Spec	0.7	0.95	E	1	1.8	594674	98474	-1.2039728043259361	-0.06920464070585429	1.134768163620082
Low Sens/High Spec	0.7	0.95	E	1	1.9	443973	73519	-1.2039728043259361	-0.07974084180690658	1.1242319625190296
Low Sens/High Spec	0.7	0.95	E	1	2	344885	57111	-1.2039728043259361	-0.0900811335969831	1.113891670728953
Low Sens/High Spec	0.7	0.95	E	1.1	1	2469211	408884	-1.2039728043259361	-0.03416980630829542	1.1698029980176408
Low Sens/High Spec	0.7	0.95	E	1.1	1.1	1330163	220266	-1.2039728043259361	-0.04632391376604156	1.1576488905598945
Low Sens/High Spec	0.7	0.95	E	1.1	1.2	833740	138062	-1.2039728043259361	-0.058225709886590406	1.1457470944393457
Low Sens/High Spec	0.7	0.95	E	1.1	1.3	573223	94922	-1.2039728043259361	-0.06988365074009226	1.134089153585844
Low Sens/High Spec	0.7	0.95	E	1.1	1.4	419483	69464	-1.2039728043259361	-0.08130578784698025	1.1226670164789558
Low Sens/High Spec	0.7	0.95	E	1.1	1.5	321087	53170	-1.2039728043259361	-0.0924997933442476	1.1114730109816886
Low Sens/High Spec	0.7	0.95	E	1.1	1.6	254250	42102	-1.2039728043259361	-0.10347298322898975	1.1004998210969463
Low Sens/High Spec	0.7	0.95	E	1.1	1.7000000000000002	206732	34234	-1.2039728043259361	-0.11423233885274145	1.0897404654731946
Low Sens/High Spec	0.7	0.95	E	1.1	1.8	171709	28434	-1.2039728043259361	-0.12478452682213101	1.079188277503805
Low Sens/High Spec	0.7	0.95	E	1.1	1.9	145130	24033	-1.2039728043259361	-0.1351359174454907	1.0688368868804454
Low Sens/High Spec	0.7	0.95	E	1.1	2	124467	20611	-1.2039728043259361	-0.14529260185098786	1.0586802024749482
Low Sens/High Spec	0.7	0.95	E	1.2	1	372875	61746	-1.2039728043259361	-0.08542630919455274	1.1185464951313833
Low Sens/High Spec	0.7	0.95	E	1.2	1.1	283982	47026	-1.2039728043259361	-0.09740366662421236	1.1065691377017237
Low Sens/High Spec	0.7	0.95	E	1.2	1.2	224037	37099	-1.2039728043259361	-0.10912996430469701	1.094842840021239
Low Sens/High Spec	0.7	0.95	E	1.2	1.3	181657	30081	-1.2039728043259361	-0.12061364048525383	1.0833591638406823
Low Sens/High Spec	0.7	0.95	E	1.2	1.4	150557	24932	-1.2039728043259361	-0.13186272914283412	1.072110075183102
Low Sens/High Spec	0.7	0.95	E	1.2	1.5	127039	21037	-1.2039728043259361	-0.14288488514242795	1.061087919183508
Low Sens/High Spec	0.7	0.95	E	1.2	1.6	108808	18018	-1.2039728043259361	-0.15368740747481555	1.0502853968511205
Low Sens/High Spec	0.7	0.95	E	1.2	1.7000000000000002	94377	15629	-1.2039728043259361	-0.1642772607452408	1.0396955435806954
Low Sens/High Spec	0.7	0.95	E	1.2	1.8	82751	13703	-1.2039728043259361	-0.17466109506855557	1.0293117092573805
Low Sens/High Spec	0.7	0.95	E	1.2	1.9	73240	12128	-1.2039728043259361	-0.18484526451043765	1.0191275398154984
Low Sens/High Spec	0.7	0.95	E	1.2	2	65355	10823	-1.2039728043259361	-0.19483584420026923	1.0091369601256668
Low Sens/High Spec	0.7	0.95	E	1.3	1	198553	32879	-1.2039728043259361	-0.11445137168433972	1.0895214326415963
Low Sens/High Spec	0.7	0.95	E	1.3	1.1	160807	26629	-1.2039728043259361	-0.12653984488729733	1.0774329594386387
Low Sens/High Spec	0.7	0.95	E	1.3	1.2	133166	22052	-1.2039728043259361	-0.1383693785396557	1.0656034257862803
Low Sens/High Spec	0.7	0.95	E	1.3	1.3	112297	18596	-1.2039728043259361	-0.14994882889264732	1.0540239754332887
Low Sens/High Spec	0.7	0.95	E	1.3	1.4	96141	15921	-1.2039728043259361	-0.16128662073768654	1.0426861835882495
Low Sens/High Spec	0.7	0.95	E	1.3	1.5	83366	13805	-1.2039728043259361	-0.1723907746903944	1.0315820296355418
Low Sens/High Spec	0.7	0.95	E	1.3	1.6	73083	12103	-1.2039728043259361	-0.18326893235704833	1.020703871968888
Low Sens/High Spec	0.7	0.95	E	1.3	1.7000000000000002	64677	10711	-1.2039728043259361	-0.19392837957751793	1.0100444247484182
Low Sens/High Spec	0.7	0.95	E	1.3	1.8	57713	9557	-1.2039728043259361	-0.20437606791831728	0.9995967364076188
Low Sens/High Spec	0.7	0.95	E	1.3	1.9	51874	8590	-1.2039728043259361	-0.2146186345713883	0.9893541697545478
Low Sens/High Spec	0.7	0.95	E	1.3	2	46928	7771	-1.2039728043259361	-0.22466242079833332	0.9793103835276028
Low Sens/High Spec	0.7	0.95	E	1.4	1	173235	28687	-1.2039728043259361	-0.1205060973833475	1.0834667069425885
Low Sens/High Spec	0.7	0.95	E	1.4	1.1	140703	23300	-1.2039728043259361	-0.133022581043473	1.070950223282463
Low Sens/High Spec	0.7	0.95	E	1.4	1.2	116797	19341	-1.2039728043259361	-0.14526158671132022	1.0587112176146158
Low Sens/High Spec	0.7	0.95	E	1.4	1.3	98696	16344	-1.2039728043259361	-0.15723292154709098	1.0467398827788452
Low Sens/High Spec	0.7	0.95	E	1.4	1.4	84648	14017	-1.2039728043259361	-0.1689458989652456	1.0350269053606906
Low Sens/High Spec	0.7	0.95	E	1.4	1.5	73517	12174	-1.2039728043259361	-0.1804093708821818	1.0235634334437542
Low Sens/High Spec	0.7	0.95	E	1.4	1.6	64540	10688	-1.2039728043259361	-0.1916317573801541	1.012341046945782
Low Sens/High Spec	0.7	0.95	E	1.4	1.7000000000000002	57190	9471	-1.2039728043259361	-0.20262107403176882	1.0013517302941672
Low Sens/High Spec	0.7	0.95	E	1.4	1.8	51091	8461	-1.2039728043259361	-0.21338495710282834	0.9905878472231078
Low Sens/High Spec	0.7	0.95	E	1.4	1.9	45972	7613	-1.2039728043259361	-0.22393068682804318	0.9800421174978929
Low Sens/High Spec	0.7	0.95	E	1.4	2	41630	6894	-1.2039728043259361	-0.23426520893361627	0.9697075953923199
Low Sens/High Spec	0.7	0.95	E	1.5	1	152695	25286	-1.2039728043259361	-0.1263215135184489	1.0776512908074873
Low Sens/High Spec	0.7	0.95	E	1.5	1.1	124351	20592	-1.2039728043259361	-0.13923611849170925	1.0647366858342269
Low Sens/High Spec	0.7	0.95	E	1.5	1.2	103454	17132	-1.2039728043259361	-0.15185548926304265	1.0521173150628935
Low Sens/High Spec	0.7	0.95	E	1.5	1.3	87589	14505	-1.2039728043259361	-0.1641903705870733	1.0397824337388628
Low Sens/High Spec	0.7	0.95	E	1.5	1.4	75248	12461	-1.2039728043259361	-0.1762509501454814	1.0277218541804547
Low Sens/High Spec	0.7	0.95	E	1.5	1.5	65450	10838	-1.2039728043259361	-0.18804689599574445	1.0159259083301917
Low Sens/High Spec	0.7	0.95	E	1.5	1.6	57534	9528	-1.2039728043259361	-0.1995873909328879	1.0043854133930483
Low Sens/High Spec	0.7	0.95	E	1.5	1.7000000000000002	51043	8453	-1.2039728043259361	-0.21088116406443555	0.9930916402615005
Low Sens/High Spec	0.7	0.95	E	1.5	1.8	45650	7560	-1.2039728043259361	-0.2219365198652437	0.9820362844606925
Low Sens/High Spec	0.7	0.95	E	1.5	1.9	41118	6809	-1.2039728043259361	-0.23276136494959532	0.9712114393763408
Low Sens/High Spec	0.7	0.95	E	1.5	2	37269	6172	-1.2039728043259361	-0.24336323277226515	0.960609571553671
Low Sens/High Spec	0.7	0.95	E	1.6	1	135776	22484	-1.2039728043259361	-0.13192126657323086	1.0720515377527053
Low Sens/High Spec	0.7	0.95	E	1.6	1.1	110850	18356	-1.2039728043259361	-0.14520752342918794	1.0587652808967483
Low Sens/High Spec	0.7	0.95	E	1.6	1.2	92416	15304	-1.2039728043259361	-0.15818154174150786	1.0457912625844283
Low Sens/High Spec	0.7	0.95	E	1.6	1.3	78385	12980	-1.2039728043259361	-0.17085498744418004	1.033117816881756
Low Sens/High Spec	0.7	0.95	E	1.6	1.4	67446	11169	-1.2039728043259361	-0.1832389054450595	1.0207338988808767
Low Sens/High Spec	0.7	0.95	E	1.6	1.5	58746	9728	-1.2039728043259361	-0.19534376247077037	1.0086290418551658
Low Sens/High Spec	0.7	0.95	E	1.6	1.6	51706	8563	-1.2039728043259361	-0.2071794862883961	0.99679331803754
Low Sens/High Spec	0.7	0.95	E	1.6	1.7000000000000002	45925	7605	-1.2039728043259361	-0.2187555016652565	0.9852173026606796
Low Sens/High Spec	0.7	0.95	E	1.6	1.8	41115	6809	-1.2039728043259361	-0.23008076338673347	0.9738920409392027
Low Sens/High Spec	0.7	0.95	E	1.6	1.9	37068	6139	-1.2039728043259361	-0.2411637866160943	0.9628090177098418
Low Sens/High Spec	0.7	0.95	E	1.6	2	33628	5569	-1.2039728043259361	-0.2520126748487914	0.9519601294771447
Low Sens/High Spec	0.7	0.95	E	1.7000000000000002	1	121656	20146	-1.2039728043259361	-0.1373258805732598	1.0666469237526763
Low Sens/High Spec	0.7	0.95	E	1.7000000000000002	1.1	99556	16486	-1.2039728043259361	-0.1509602510911181	1.053012553234818
Low Sens/High Spec	0.7	0.95	E	1.7000000000000002	1.2	83165	13772	-1.2039728043259361	-0.16426609689558871	1.0397067074303474
Low Sens/High Spec	0.7	0.95	E	1.7000000000000002	1.3	70659	11701	-1.2039728043259361	-0.17725598643605087	1.0267168178898853
Low Sens/High Spec	0.7	0.95	E	1.7000000000000002	1.4	60889	10083	-1.2039728043259361	-0.18994180290506946	1.0140310014208667
Low Sens/High Spec	0.7	0.95	E	1.7000000000000002	1.5	53105	8794	-1.2039728043259361	-0.20233479263622353	1.0016380116897126
Low Sens/High Spec	0.7	0.95	E	1.7000000000000002	1.6	46796	7750	-1.2039728043259361	-0.21444560931349121	0.9895271950124449
Low Sens/High Spec	0.7	0.95	E	1.7000000000000002	1.7000000000000002	41608	6890	-1.2039728043259361	-0.22628435441944286	0.9776884499064933
Low Sens/High Spec	0.7	0.95	E	1.7000000000000002	1.8	37287	6175	-1.2039728043259361	-0.23786061429952857	0.9661121900264076
Low Sens/High Spec	0.7	0.95	E	1.7000000000000002	1.9	33647	5572	-1.2039728043259361	-0.24918349417631333	0.9547893101496228
Low Sens/High Spec	0.7	0.95	E	1.7000000000000002	2	30550	5059	-1.2039728043259361	-0.26026164940970975	0.9437111549162264
Low Sens/High Spec	0.7	0.95	E	1.8	1	109736	18172	-1.2039728043259361	-0.14255326025287957	1.0614195440730565
Low Sens/High Spec	0.7	0.95	E	1.8	1.1	90001	14904	-1.2039728043259361	-0.15651473309402567	1.0474580712319104
Low Sens/High Spec	0.7	0.95	E	1.8	1.2	75325	12474	-1.2039728043259361	-0.1701320780282281	1.033840726297708
Low Sens/High Spec	0.7	0.95	E	1.8	1.3	64101	10615	-1.2039728043259361	-0.183418745777204	1.020554058548732
Low Sens/High Spec	0.7	0.95	E	1.8	1.4	55316	9160	-1.2039728043259361	-0.1963874375879338	1.0075853667380024
Low Sens/High Spec	0.7	0.95	E	1.8	1.5	48305	7999	-1.2039728043259361	-0.20905015930582638	0.9949226450201097
Low Sens/High Spec	0.7	0.95	E	1.8	1.6	42614	7057	-1.2039728043259361	-0.2214182706690205	0.9825545336569156
Low Sens/High Spec	0.7	0.95	E	1.8	1.7000000000000002	37928	6281	-1.2039728043259361	-0.2335025303214721	0.970470274004464
Low Sens/High Spec	0.7	0.95	E	1.8	1.8	34021	5634	-1.2039728043259361	-0.24531313698306825	0.9586596673428679
Low Sens/High Spec	0.7	0.95	E	1.8	1.9	30726	5088	-1.2039728043259361	-0.25685976716355363	0.9471130371623825
Low Sens/High Spec	0.7	0.95	E	1.8	2	27920	4624	-1.2039728043259361	-0.2681516097623984	0.9358211945635377
Low Sens/High Spec	0.7	0.95	E	1.9	1	99570	16488	-1.2039728043259361	-0.1476190998679948	1.0563537044579414
Low Sens/High Spec	0.7	0.95	E	1.9	1.1	81837	13552	-1.2039728043259361	-0.16188885364262298	1.042083950683313
Low Sens/High Spec	0.7	0.95	E	1.9	1.2	68614	11362	-1.2039728043259361	-0.17579952382644795	1.028173280499488
Low Sens/High Spec	0.7	0.95	E	1.9	1.3	58480	9684	-1.2039728043259361	-0.1893654221165924	1.0146073822093438
Low Sens/High Spec	0.7	0.95	E	1.9	1.4	50533	8368	-1.2039728043259361	-0.20260004677022536	1.0013727575557108
Low Sens/High Spec	0.7	0.95	E	1.9	1.5	44181	7316	-1.2039728043259361	-0.21551614244499784	0.9884566618809383
Low Sens/High Spec	0.7	0.95	E	1.9	1.6	39018	6461	-1.2039728043259361	-0.22812575464859522	0.9758470496773409
Low Sens/High Spec	0.7	0.95	E	1.9	1.7000000000000002	34761	5757	-1.2039728043259361	-0.24044027936947987	0.9635325249564562
Low Sens/High Spec	0.7	0.95	E	1.9	1.8	31208	5168	-1.2039728043259361	-0.25247050839129387	0.9515022959346422
Low Sens/High Spec	0.7	0.95	E	1.9	1.9	28208	4671	-1.2039728043259361	-0.2642266707333307	0.9397461335926054
Low Sens/High Spec	0.7	0.95	E	1.9	2	25651	4248	-1.2039728043259361	-0.2757184706074818	0.9282543337184543
Low Sens/High Spec	0.7	0.95	E	2	1	90822	15040	-1.2039728043259361	-0.15253721768136277	1.0514355866445733
Low Sens/High Spec	0.7	0.95	E	2	1.1	74797	12386	-1.2039728043259361	-0.16709833839772115	1.036874465928215
Low Sens/High Spec	0.7	0.95	E	2	1.2	62819	10403	-1.2039728043259361	-0.18128603242446853	1.0226867719014676
Low Sens/High Spec	0.7	0.95	E	2	1.3	53619	8879	-1.2039728043259361	-0.19511545049362713	1.008857353832309
Low Sens/High Spec	0.7	0.95	E	2	1.4	46393	7683	-1.2039728043259361	-0.20860086638164188	0.9953719379442942
Low Sens/High Spec	0.7	0.95	E	2	1.5	40607	6725	-1.2039728043259361	-0.22175574258214736	0.9822170617437888
Low Sens/High Spec	0.7	0.95	E	2	1.6	35898	5945	-1.2039728043259361	-0.23459278995760544	0.9693800143683307
Low Sens/High Spec	0.7	0.95	E	2	1.7000000000000002	32012	5301	-1.2039728043259361	-0.24712402201987674	0.9568487823060594
Low Sens/High Spec	0.7	0.95	E	2	1.8	28763	4763	-1.2039728043259361	-0.25936080440936343	0.9446119999165727
Low Sens/High Spec	0.7	0.95	E	2	1.9	26019	4309	-1.2039728043259361	-0.27131390007311945	0.9326589042528166
Low Sens/High Spec	0.7	0.95	E	2	2	23678	3921	-1.2039728043259361	-0.2829935105825291	0.920979293743407
Balanced/Moderate	0.8	0.8	E	1	1	53735	16481	-1.2039728043259361	0.12921777362268075	1.3331905779486168
Balanced/Moderate	0.8	0.8	E	1	1.1	57453	17621	-1.2039728043259361	0.12477846341803378	1.32875126774397
Balanced/Moderate	0.8	0.8	E	1	1.2	61555	18879	-1.2039728043259361	0.12036885754613247	1.3243416618720687
Balanced/Moderate	0.8	0.8	E	1	1.3	66095	20272	-1.2039728043259361	0.11598865112121212	1.3199614554471482
Balanced/Moderate	0.8	0.8	E	1	1.4	71137	21818	-1.2039728043259361	0.11163754417560795	1.315610348501544
Balanced/Moderate	0.8	0.8	E	1	1.5	76757	23542	-1.2039728043259361	0.10731524155630524	1.3112880458822413
Balanced/Moderate	0.8	0.8	E	1	1.6	83045	25470	-1.2039728043259361	0.10302145282420037	1.3069942571501365
Balanced/Moderate	0.8	0.8	E	1	1.7000000000000002	90112	27638	-1.2039728043259361	0.09875589215600244	1.3027286964819385
Balanced/Moderate	0.8	0.8	E	1	1.8	98090	30085	-1.2039728043259361	0.094518278248677	1.2984910825746132
Balanced/Moderate	0.8	0.8	E	1	1.9	107140	32860	-1.2039728043259361	0.09030833422636592	1.294281138552302
Balanced/Moderate	0.8	0.8	E	1	2	117463	36026	-1.2039728043259361	0.08612578754970121	1.2900985918756374
Balanced/Moderate	0.8	0.8	E	1.1	1	192385	59005	-1.2039728043259361	0.06633629485946502	1.2703090991854011
Balanced/Moderate	0.8	0.8	E	1.1	1.1	220144	67519	-1.2039728043259361	0.0619215241967483	1.2658943285226845
Balanced/Moderate	0.8	0.8	E	1.1	1.2	254229	77973	-1.2039728043259361	0.05753667420503505	1.261509478530971
Balanced/Moderate	0.8	0.8	E	1.1	1.3	296706	91000	-1.2039728043259361	0.053181441012865635	1.2571542453388018
Balanced/Moderate	0.8	0.8	E	1.1	1.4	350556	107516	-1.2039728043259361	0.048855525673190896	1.252828329999127
Balanced/Moderate	0.8	0.8	E	1.1	1.5	420212	128880	-1.2039728043259361	0.04455863405996323	1.2485314383858994
Balanced/Moderate	0.8	0.8	E	1.1	1.6	512485	157180	-1.2039728043259361	0.040290476767446924	1.2442632810933831
Balanced/Moderate	0.8	0.8	E	1.1	1.7000000000000002	638290	195764	-1.2039728043259361	0.03605076901216168	1.2400235733380978
Balanced/Moderate	0.8	0.8	E	1.1	1.8	816000	250268	-1.2039728043259361	0.031839230537373926	1.2358120348633101
Balanced/Moderate	0.8	0.8	E	1.1	1.9	1078511	330781	-1.2039728043259361	0.027655585520064682	1.2316283898460008
Balanced/Moderate	0.8	0.8	E	1.1	2	1489541	456844	-1.2039728043259361	0.023499562480288658	1.2274723668062248
Balanced/Moderate	0.8	0.8	E	1.2	1	9427663	2891474	-1.2039728043259361	0.009232155721791157	1.2132049600477273
Balanced/Moderate	0.8	0.8	E	1.2	1.1	34275265	10512259	-1.2039728043259361	0.0048348647500494795	1.2088076690759857
Balanced/Moderate	0.8	0.8	E	1.2	1.2	3651794723	1120009207	-1.2039728043259361	4.6772960145551387e-4	1.2044405339273916
Balanced/Moderate	0.8	0.8	E	1.2	1.3	53202067	16317129	-1.2039728043259361	-0.0038695523866586912	1.2001032519392774
Balanced/Moderate	0.8	0.8	E	1.2	1.4	11879371	3643416	-1.2039728043259361	-0.00817727894425624	1.1957955253816799
Balanced/Moderate	0.8	0.8	E	1.2	1.5	5105520	1565869	-1.2039728043259361	-0.012455742971934823	1.1915170613540014
Balanced/Moderate	0.8	0.8	E	1.2	1.6	2830411	868090	-1.2039728043259361	-0.016705232641551993	1.1872675716843841
Balanced/Moderate	0.8	0.8	E	1.2	1.7000000000000002	1798717	551669	-1.2039728043259361	-0.0209260314942163	1.1830467728317198
Balanced/Moderate	0.8	0.8	E	1.2	1.8	1244919	381818	-1.2039728043259361	-0.025118418535724486	1.1788543857902116
Balanced/Moderate	0.8	0.8	E	1.2	1.9	913482	280166	-1.2039728043259361	-0.029282668329532156	1.174690135996404
Balanced/Moderate	0.8	0.8	E	1.2	2	699416	214512	-1.2039728043259361	-0.03341905108732066	1.1705537532386154
Balanced/Moderate	0.8	0.8	E	1.3	1	1678439	514779	-1.2039728043259361	-0.021456030587162892	1.1825167737387732
Balanced/Moderate	0.8	0.8	E	1.3	1.1	1144866	351132	-1.2039728043259361	-0.025941244266075695	1.1780315600598603
Balanced/Moderate	0.8	0.8	E	1.3	1.2	831522	255029	-1.2039728043259361	-0.03039491830686184	1.1735778860190742
Balanced/Moderate	0.8	0.8	E	1.3	1.3	631874	193797	-1.2039728043259361	-0.0348173720602085	1.1691554322657276
Balanced/Moderate	0.8	0.8	E	1.3	1.4	496829	152378	-1.2039728043259361	-0.03920891954596179	1.1647638847799744
Balanced/Moderate	0.8	0.8	E	1.3	1.5	401204	123050	-1.2039728043259361	-0.043569869566667724	1.1604029347592684
Balanced/Moderate	0.8	0.8	E	1.3	1.6	330999	101518	-1.2039728043259361	-0.047900525818065386	1.1560722785078708
Balanced/Moderate	0.8	0.8	E	1.3	1.7000000000000002	277921	85239	-1.2039728043259361	-0.05220118699663464	1.1517716173293016
Balanced/Moderate	0.8	0.8	E	1.3	1.8	236808	72630	-1.2039728043259361	-0.056472146904285606	1.1475006574216504
Balanced/Moderate	0.8	0.8	E	1.3	1.9	204306	62661	-1.2039728043259361	-0.06071369455028636	1.1432591097756497
Balanced/Moderate	0.8	0.8	E	1.3	2	178161	54642	-1.2039728043259361	-0.06492611425050993	1.1390466900754261
Balanced/Moderate	0.8	0.8	E	1.4	1	1293547	396732	-1.2039728043259361	-0.024113245552833413	1.1798595587731027
Balanced/Moderate	0.8	0.8	E	1.4	1.1	903889	277224	-1.2039728043259361	-0.028802841670451586	1.1751699626554846
Balanced/Moderate	0.8	0.8	E	1.4	1.2	667856	204832	-1.2039728043259361	-0.03345814276833101	1.1705146615576052
Balanced/Moderate	0.8	0.8	E	1.4	1.3	514058	157663	-1.2039728043259361	-0.03807950743146112	1.165893296894475
Balanced/Moderate	0.8	0.8	E	1.4	1.4	408245	125210	-1.2039728043259361	-0.042667287999301556	1.1613055163266346
Balanced/Moderate	0.8	0.8	E	1.4	1.5	332315	101922	-1.2039728043259361	-0.04722183070383492	1.156750973622101
Balanced/Moderate	0.8	0.8	E	1.4	1.6	275967	84640	-1.2039728043259361	-0.05174347580376468	1.1522293285221714
Balanced/Moderate	0.8	0.8	E	1.4	1.7000000000000002	232987	71458	-1.2039728043259361	-0.05623255771499383	1.1477402466109423
Balanced/Moderate	0.8	0.8	E	1.4	1.8	199448	61171	-1.2039728043259361	-0.06068940513749798	1.1432833991884381
Balanced/Moderate	0.8	0.8	E	1.4	1.9	172765	52988	-1.2039728043259361	-0.06511434117871923	1.138858463147217
Balanced/Moderate	0.8	0.8	E	1.4	2	151184	46369	-1.2039728043259361	-0.06950768347358692	1.1344651208523493
Balanced/Moderate	0.8	0.8	E	1.5	1	1021503	313297	-1.2039728043259361	-0.02678700139809012	1.177185802927846
Balanced/Moderate	0.8	0.8	E	1.5	1.1	728479	223426	-1.2039728043259361	-0.03167116671564875	1.1723016376102873
Balanced/Moderate	0.8	0.8	E	1.5	1.2	546247	167535	-1.2039728043259361	-0.03651833511605817	1.167454469209878
Balanced/Moderate	0.8	0.8	E	1.5	1.3	425185	130405	-1.2039728043259361	-0.04132890440948033	1.162643899916456
Balanced/Moderate	0.8	0.8	E	1.5	1.4	340648	104477	-1.2039728043259361	-0.046103265202502054	1.1578695391234342
Balanced/Moderate	0.8	0.8	E	1.5	1.5	279266	85652	-1.2039728043259361	-0.05084180106270321	1.153131003263233
Balanced/Moderate	0.8	0.8	E	1.5	1.6	233277	71547	-1.2039728043259361	-0.055544888678469184	1.148427915647467
Balanced/Moderate	0.8	0.8	E	1.5	1.7000000000000002	197920	60702	-1.2039728043259361	-0.06021289801420944	1.1437599063117267
Balanced/Moderate	0.8	0.8	E	1.5	1.8	170143	52183	-1.2039728043259361	-0.06484619246113686	1.1391266118647994
Balanced/Moderate	0.8	0.8	E	1.5	1.9	147919	45367	-1.2039728043259361	-0.0694451289837631	1.1345276753421731
Balanced/Moderate	0.8	0.8	E	1.5	2	129855	39827	-1.2039728043259361	-0.07401005826224913	1.129962746063687
Balanced/Moderate	0.8	0.8	E	1.6	1	823024	252423	-1.2039728043259361	-0.029476227357342746	1.1744965769685933
Balanced/Moderate	0.8	0.8	E	1.6	1.1	597286	183189	-1.2039728043259361	-0.034546171129104464	1.1694266331968317
Balanced/Moderate	0.8	0.8	E	1.6	1.2	453674	139143	-1.2039728043259361	-0.03957647176414172	1.1643963325617943
Balanced/Moderate	0.8	0.8	E	1.6	1.3	356635	109381	-1.2039728043259361	-0.04456756605864866	1.1594052382672875
Balanced/Moderate	0.8	0.8	E	1.6	1.4	287976	88323	-1.2039728043259361	-0.04951988260997876	1.1544529217159574
Balanced/Moderate	0.8	0.8	E	1.6	1.5	237597	72871	-1.2039728043259361	-0.05443384200954402	1.149538962316392
Balanced/Moderate	0.8	0.8	E	1.6	1.6	199524	61195	-1.2039728043259361	-0.059309857029957835	1.1446629472959784
Balanced/Moderate	0.8	0.8	E	1.6	1.7000000000000002	170043	52153	-1.2039728043259361	-0.0641483328066199	1.1398244715193162
Balanced/Moderate	0.8	0.8	E	1.6	1.8	146742	45006	-1.2039728043259361	-0.068949667013944907	1.1350231373119912
Balanced/Moderate	0.8	0.8	E	1.6	1.9	128000	39258	-1.2039728043259361	-0.07371425003641259	1.1302585542895236
Balanced/Moderate	0.8	0.8	E	1.6	2	112698	34565	-1.2039728043259361	-0.0784424651346301	1.125530339191306
Balanced/Moderate	0.8	0.8	E	1.7000000000000002	1	674367	206829	-1.2039728043259361	-0.03218003243666965	1.1717927718892664
Balanced/Moderate	0.8	0.8	E	1.7000000000000002	1.1	496910	152403	-1.2039728043259361	-0.037427863305441365	1.1665449410204947
Balanced/Moderate	0.8	0.8	E	1.7000000000000002	1.2	381747	117082	-1.2039728043259361	-0.04263346156442669	1.1613393427615095
Balanced/Moderate	0.8	0.8	E	1.7000000000000002	1.3	302752	92855	-1.2039728043259361	-0.047797302563301995	1.156175501762634
Balanced/Moderate	0.8	0.8	E	1.7000000000000002	1.4	246198	75510	-1.2039728043259361	-0.052919852425893754	1.1510529519000423
Balanced/Moderate	0.8	0.8	E	1.7000000000000002	1.5	204305	62661	-1.2039728043259361	-0.05800156827303196	1.1459712360529042
Balanced/Moderate	0.8	0.8	E	1.7000000000000002	1.6	172398	52875	-1.2039728043259361	-0.06304289843854864	1.1409299058873874
Balanced/Moderate	0.8	0.8	E	1.7000000000000002	1.7000000000000002	147529	45248	-1.2039728043259361	-0.0680442826786717	1.1359285216472643
Balanced/Moderate	0.8	0.8	E	1.7000000000000002	1.8	127763	39185	-1.2039728043259361	-0.07300615237505484	1.1309666519508812
Balanced/Moderate	0.8	0.8	E	1.7000000000000002	1.9	111789	34286	-1.2039728043259361	-0.07792893073167001	1.1260438735942662
Balanced/Moderate	0.8	0.8	E	1.7000000000000002	2	98692	30269	-1.2039728043259361	-0.08281303296578132	1.1211597713601549
Balanced/Moderate	0.8	0.8	E	1.8	1	560541	171919	-1.2039728043259361	-0.03489767942462452	1.1690751249013116
Balanced/Moderate	0.8	0.8	E	1.8	1.1	418614	128390	-1.2039728043259361	-0.04031630075204914	1.163656503573887
Balanced/Moderate	0.8	0.8	E	1.8	1.2	324874	99639	-1.2039728043259361	-0.04569015698950675	1.1582826473364294
Balanced/Moderate	0.8	0.8	E	1.8	1.3	259704	79652	-1.2039728043259361	-0.05101976144537507	1.152953042880561
Balanced/Moderate	0.8	0.8	E	1.8	1.4	212548	65189	-1.2039728043259361	-0.056305617148259296	1.147667187177677
Balanced/Moderate	0.8	0.8	E	1.8	1.5	177314	54383	-1.2039728043259361	-0.06154821710121798	1.142424587224718
Balanced/Moderate	0.8	0.8	E	1.8	1.6	150287	46094	-1.2039728043259361	-0.06674804452795888	1.1372247597979772
Balanced/Moderate	0.8	0.8	E	1.8	1.7000000000000002	129095	39594	-1.2039728043259361	-0.07190557311129811	1.132067231214638
Balanced/Moderate	0.8	0.8	E	1.8	1.8	112165	34401	-1.2039728043259361	-0.07702126722417113	1.1269515371017649
Balanced/Moderate	0.8	0.8	E	1.8	1.9	98422	30186	-1.2039728043259361	-0.08209558215346716	1.1218772221724689
Balanced/Moderate	0.8	0.8	E	1.8	2	87110	26717	-1.2039728043259361	-0.08712896431695707	1.116843840008979
Balanced/Moderate	0.8	0.8	E	1.9	1	471727	144680	-1.2039728043259361	-0.03762856346668767	1.1663442408592484
Balanced/Moderate	0.8	0.8	E	1.9	1.1	356516	109344	-1.2039728043259361	-0.04321158390105827	1.1607612204248778
Balanced/Moderate	0.8	0.8	E	1.9	1.2	279217	85637	-1.2039728043259361	-0.048747363410147064	1.1552254409157892
Balanced/Moderate	0.8	0.8	E	1.9	1.3	224821	68953	-1.2039728043259361	-0.05423645253049378	1.1497363517954424
Balanced/Moderate	0.8	0.8	E	1.9	1.4	185079	56764	-1.2039728043259361	-0.05967939044221102	1.144293413883725
Balanced/Moderate	0.8	0.8	E	1.9	1.5	155149	47585	-1.2039728043259361	-0.06507670525582587	1.1388960990701102
Balanced/Moderate	0.8	0.8	E	1.9	1.6	132040	40497	-1.2039728043259361	-0.07042891428982667	1.1335438900361094
Balanced/Moderate	0.8	0.8	E	1.9	1.7000000000000002	113818	34909	-1.2039728043259361	-0.07573652433926058	1.1282362799866756
Balanced/Moderate	0.8	0.8	E	1.9	1.8	99192	30423	-1.2039728043259361	-0.08100003193573097	1.1229727723902052
Balanced/Moderate	0.8	0.8	E	1.9	1.9	87271	26766	-1.2039728043259361	-0.0862199235991136	1.1177528807268224
Balanced/Moderate	0.8	0.8	E	1.9	2	77423	23746	-1.2039728043259361	-0.09139667608129858	1.1125761282446376
Balanced/Moderate	0.8	0.8	E	2	1	401292	123077	-1.2039728043259361	-0.04037219430516832	1.1636006100207679
Balanced/Moderate	0.8	0.8	E	2	1.1	306547	94019	-1.2039728043259361	-0.046113851019185643	1.1578589533067505
Balanced/Moderate	0.8	0.8	E	2	1.2	242075	74245	-1.2039728043259361	-0.051805846847339854	1.1521669574785962
Balanced/Moderate	0.8	0.8	E	2	1.3	196202	60176	-1.2039728043259361	-0.057448768710425806	1.1465240356155104
Balanced/Moderate	0.8	0.8	E	2	1.4	162389	49805	-1.2039728043259361	-0.06304319107702273	1.1409296132489133
Balanced/Moderate	0.8	0.8	E	2	1.5	136740	41939	-1.2039728043259361	-0.06858967628400486	1.1353831280419313
Balanced/Moderate	0.8	0.8	E	2	1.6	116815	35828	-1.2039728043259361	-0.07408877484640994	1.1298840294795263
Balanced/Moderate	0.8	0.8	E	2	1.7000000000000002	101023	30984	-1.2039728043259361	-0.07954102575708413	1.124431778568852
Balanced/Moderate	0.8	0.8	E	2	1.8	88292	27079	-1.2039728043259361	-0.08494695677650042	1.1190258475494357
Balanced/Moderate	0.8	0.8	E	2	1.9	77874	23884	-1.2039728043259361	-0.09030708471312228	1.113665719612814
Balanced/Moderate	0.8	0.8	E	2	2	69239	21236	-1.2039728043259361	-0.09562191569467897	1.1083508886312572
