scenario_name	target_group	sensitivity	specificity	sim_id	true_beta	empirical_beta	p_value	n_enrolled	bias	mse	significant	wrong_direction	significant_wrong
ARREST_raw	B	0.95	0.95	1	2.9338568698359038	2.1266431431641295	0.010470623522987221	39.125	-0.8072137266717743	0.6515940005273338	TRUE	FALSE	FALSE
ARREST_raw	B	0.95	0.95	2	2.9338568698359038	2.4882344398806744	0.0015619775321105145	39.125	-0.4456224299552294	0.19857935007920333	TRUE	FALSE	FALSE
ARREST_raw	B	0.95	0.95	3	2.9338568698359038	1.4596256342054403	0.03459352179644637	39.125	-1.4742312356304634	2.173357736108523	TRUE	FALSE	FALSE
ARREST_raw	B	0.95	0.95	4	2.9338568698359038	1.0986122886681096	0.16383221210785615	39.125	-1.8352445811677942	3.3681226727057525	FALSE	FALSE	FALSE
ARREST_raw	B	0.95	0.95	5	2.9338568698359038	1.5924883541203267	0.030778730562373458	39.125	-1.341368515715577	1.7992694949530101	TRUE	FALSE	FALSE
ARREST_raw	B	0.95	0.95	6	2.9338568698359038	0.7103724868418249	0.3137354715488673	39.125	-2.223484382994079	4.943882801418561	FALSE	FALSE	FALSE
ARREST_raw	B	0.95	0.95	7	2.9338568698359038	0.9957178655054771	0.13489568519855122	39.125	-1.9381390043304267	3.756382800106938	FALSE	FALSE	FALSE
ARREST_raw	B	0.95	0.95	8	2.9338568698359038	2.0385855051841317	0.0013827208211268927	39.125	-0.895271364651772	0.8015108163654462	TRUE	FALSE	FALSE
ARREST_raw	B	0.95	0.95	9	2.9338568698359038	0.9998478739956976	0.11222252640657193	39.125	-1.9340089958402062	3.740390795990843	FALSE	FALSE	FALSE
ARREST_raw	B	0.95	0.95	10	2.9338568698359038	2.6931245508855155	7.105522230714811e-4	39.125	-0.24073231895038827	0.05795204938723147	TRUE	FALSE	FALSE
ARREST_raw	B	0.95	0.95	11	2.9338568698359038	2.1553336356270356	0.006229120573833513	39.125	-0.7785232342088682	0.6060984262030362	TRUE	FALSE	FALSE
ARREST_raw	B	0.95	0.95	12	2.9338568698359038	2.5956872329151666	8.364864740111333e-4	39.125	-0.3381696369207372	0.11435870333510323	TRUE	FALSE	FALSE
ARREST_raw	B	0.95	0.95	13	2.9338568698359038	2.349693170980493	0.0010726170705596116	39.125	-0.5841636988554106	0.34124722706043487	TRUE	FALSE	FALSE
ARREST_raw	B	0.95	0.95	14	2.9338568698359038	2.3403254209768902	0.014596558851825536	39.125	-0.5935314488590135	0.3522795807846798	TRUE	FALSE	FALSE
ARREST_raw	B	0.95	0.95	15	2.9338568698359038	2.5722486599389507	1.004171506994167e-4	39.125	-0.3616082098969531	0.1307604974648789	TRUE	FALSE	FALSE
ARREST_raw	B	0.95	0.95	16	2.9338568698359038	2.102325835513423	0.01089413769178349	39.125	-0.8315310343224809	0.6914438610414149	TRUE	FALSE	FALSE
ARREST_raw	B	0.95	0.95	17	2.9338568698359038	1.6544978278487388	0.005986704252920361	39.125	-1.279359041987165	1.6367595583143166	TRUE	FALSE	FALSE
ARREST_raw	B	0.95	0.95	18	2.9338568698359038	2.106252799106504	0.0031378635812482347	39.125	-0.8276040707293997	0.6849284978878731	TRUE	FALSE	FALSE
ARREST_raw	B	0.95	0.95	19	2.9338568698359038	2.147322684314097	0.002430157457266935	39.125	-0.7865341855218069	0.6186360249944521	TRUE	FALSE	FALSE
ARREST_raw	B	0.95	0.95	20	2.9338568698359038	3.3672958299864746	2.3590040653997946e-5	39.125	0.4334389601505708	0.1878693321764081	TRUE	FALSE	FALSE
ARREST_raw	B	0.95	0.95	21	2.9338568698359038	1.2450528300693837	0.16622130929640877	39.125	-1.68880403976652	2.8520590847317178	FALSE	FALSE	FALSE
ARREST_raw	B	0.95	0.95	22	2.9338568698359038	1.0464832232331627	0.20644517641281834	39.125	-1.887373646602741	3.5621792818905287	FALSE	FALSE	FALSE
ARREST_raw	B	0.95	0.95	23	2.9338568698359038	3.646319839695141	1.7529697288853896e-5	39.125	0.7124629698592373	0.5076034834206444	TRUE	FALSE	FALSE
ARREST_raw	B	0.95	0.95	24	2.9338568698359038	2.9014215940827492	3.3095767437574253e-4	39.125	-0.032435275753154524	0.0010520471131831737	TRUE	FALSE	FALSE
ARREST_raw	B	0.95	0.95	25	2.9338568698359038	1.7855674989796828	0.007869279350130376	39.125	-1.148289370856221	1.3185684792213757	TRUE	FALSE	FALSE
ARREST_raw	B	0.95	0.95	26	2.9338568698359038	2.7320034421246993	0.01319767785609316	39.125	-0.20185342771120451	0.040744806278762466	TRUE	FALSE	FALSE
ARREST_raw	B	0.95	0.95	27	2.9338568698359038	2.638456909303015	2.5088292871067175e-5	39.125	-0.29539996053288897	0.08726113668283236	TRUE	FALSE	FALSE
ARREST_raw	B	0.95	0.95	28	2.9338568698359038	3.1354942159291492	9.343011943330204e-6	39.125	0.20163734609324546	0.04065761933952725	TRUE	FALSE	FALSE
ARREST_raw	B	0.95	0.95	29	2.9338568698359038	2.833213344053206	0.011062688834386103	39.125	-0.10064352578269764	0.010129119281972524	TRUE	FALSE	FALSE
ARREST_raw	B	0.95	0.95	30	2.9338568698359038	0.3462762367178336	0.6444782409045196	39.125	-2.58758063311807	6.695573532887712	FALSE	FALSE	FALSE
ARREST_raw	B	0.95	0.95	31	2.9338568698359038	1.9367252394782408	0.008182242652609695	39.125	-0.997131630357663	0.994271488259731	TRUE	FALSE	FALSE
ARREST_raw	B	0.95	0.95	32	2.9338568698359038	1.7184716734545211	0.02100917253952428	39.125	-1.2153851963813826	1.477161175583012	TRUE	FALSE	FALSE
ARREST_raw	B	0.95	0.95	33	2.9338568698359038	1.860752340715001	0.009076309756239853	39.125	-1.0731045291209027	1.1515533304197942	TRUE	FALSE	FALSE
ARREST_raw	B	0.95	0.95	34	2.9338568698359038	1.3350010667323406	0.05470663340348991	39.125	-1.5988558031035631	2.5563398791179397	FALSE	FALSE	FALSE
ARREST_raw	B	0.95	0.95	35	2.9338568698359038	2.1822989271195437	0.007691178454766856	39.125	-0.7515579427163601	0.5648393412600476	TRUE	FALSE	FALSE
ARREST_raw	B	0.95	0.95	36	2.9338568698359038	3.0930167876620316	0.004464908719945315	39.125	0.15915991782612782	0.02533187944241976	TRUE	FALSE	FALSE
ARREST_raw	B	0.95	0.95	37	2.9338568698359038	2.036881927257809	0.007875234910718731	39.125	-0.8969749425780948	0.8045640476129765	TRUE	FALSE	FALSE
ARREST_raw	B	0.95	0.95	38	2.9338568698359038	3.87487073979685	7.8432343358803e-5	39.125	0.9410138699609463	0.8855071034588767	TRUE	FALSE	FALSE
ARREST_raw	B	0.95	0.95	39	2.9338568698359038	2.202979988906839	0.0031861279986498126	39.125	-0.7308768809290647	0.5341810150765982	TRUE	FALSE	FALSE
ARREST_raw	B	0.95	0.95	40	2.9338568698359038	2.7560045942242457	4.668548835361497e-4	39.125	-0.17785227561165806	0.03163143194024518	TRUE	FALSE	FALSE
ARREST_raw	B	0.95	0.95	41	2.9338568698359038	2.268683541318364	0.006979027739433263	39.125	-0.6651733285175396	0.4424555569711027	TRUE	FALSE	FALSE
ARREST_raw	B	0.95	0.95	42	2.9338568698359038	1.845826690474342	0.010521143695049862	39.125	-1.0880301793615619	1.1838096712015524	TRUE	FALSE	FALSE
ARREST_raw	B	0.95	0.95	43	2.9338568698359038	1.592488354120327	0.030778730562373458	39.125	-1.3413685157155768	1.7992694949530097	TRUE	FALSE	FALSE
ARREST_raw	B	0.95	0.95	44	2.9338568698359038	2.460538058771043	0.0041429451216902224	39.125	-0.47331881106486096	0.22403069690785354	TRUE	FALSE	FALSE
ARREST_raw	B	0.95	0.95	45	2.9338568698359038	0.9478850972923724	0.15368202358380123	39.125	-1.9859717725435315	3.9440838813396963	FALSE	FALSE	FALSE
ARREST_raw	B	0.95	0.95	46	2.9338568698359038	2.617078422896481	8.49550550058753e-4	39.125	-0.3167784469394226	0.10034858444535256	TRUE	FALSE	FALSE
ARREST_raw	B	0.95	0.95	47	2.9338568698359038	2.1972245773361587	0.0019869449527256666	39.125	-0.736632292499745	0.5426271343534299	TRUE	FALSE	FALSE
ARREST_raw	B	0.95	0.95	48	2.9338568698359038	1.33928831874396	0.06260004646156081	39.125	-1.5945685510919438	2.5426488641314613	FALSE	FALSE	FALSE
ARREST_raw	B	0.95	0.95	49	2.9338568698359038	1.86982784259748	0.006400615787187758	39.125	-1.0640290272384239	1.1321577708059465	TRUE	FALSE	FALSE
ARREST_raw	B	0.95	0.95	50	2.9338568698359038	3.6323091026255483	1.425187191644861e-4	39.125	0.6984522327896445	0.4878355214888398	TRUE	FALSE	FALSE
ARREST_raw	B	0.95	0.95	51	2.9338568698359038	3.4195465203303526	4.814969853934592e-4	39.125	0.4856896504944488	0.23589443659741982	TRUE	FALSE	FALSE
ARREST_raw	B	0.95	0.95	52	2.9338568698359038	0.93826963859293	0.175395897661776	39.125	-1.9955872312429737	3.9823683974999975	FALSE	FALSE	FALSE
ARREST_raw	B	0.95	0.95	53	2.9338568698359038	1.8207470061012032	0.020702477195058133	39.125	-1.1131098637347006	1.2390135687434836	TRUE	FALSE	FALSE
ARREST_raw	B	0.95	0.95	54	2.9338568698359038	1.698138682850751	0.05783782175563745	39.125	-1.2357181869851528	1.526999437645873	FALSE	FALSE	FALSE
ARREST_raw	B	0.95	0.95	55	2.9338568698359038	1.2992829841302374	0.09328795912811927	39.125	-1.6345738857056664	2.671831787830921	FALSE	FALSE	FALSE
ARREST_raw	B	0.95	0.95	56	2.9338568698359038	2.572248659943148	0.0011263713904635653	39.125	-0.36160820989275555	0.13076049746184315	TRUE	FALSE	FALSE
ARREST_raw	B	0.95	0.95	57	2.9338568698359038	2.075121880535319	0.010327304238357593	39.125	-0.8587349893005847	0.7374257818490753	TRUE	FALSE	FALSE
ARREST_raw	B	0.95	0.95	58	2.9338568698359038	2.833213344056218	0.00900478353393408	39.125	-0.10064352577968583	0.010129119281366285	TRUE	FALSE	FALSE
ARREST_raw	B	0.95	0.95	59	2.9338568698359038	1.296934186808506	0.08186185764444565	39.125	-1.6369226830273977	2.6795158702096145	FALSE	FALSE	FALSE
ARREST_raw	B	0.95	0.95	60	2.9338568698359038	1.7790743097007213	0.014655497160997233	39.125	-1.1547825601351824	1.3335227611923663	TRUE	FALSE	FALSE
ARREST_raw	B	0.95	0.95	61	2.9338568698359038	0.5946010013218495	0.3460498665969989	39.125	-2.339255868514054	5.472118018377442	FALSE	FALSE	FALSE
ARREST_raw	B	0.95	0.95	62	2.9338568698359038	2.9749291459242273	0.011788828514271987	39.125	0.041072276088323534	0.001686931863075473	TRUE	FALSE	FALSE
ARREST_raw	B	0.95	0.95	63	2.9338568698359038	2.036881927260646	0.0025411964378547758	39.125	-0.8969749425752576	0.8045640476078866	TRUE	FALSE	FALSE
ARREST_raw	B	0.95	0.95	64	2.9338568698359038	1.0511725635965494	0.12038054649600849	39.125	-1.8826843062393543	3.5445001969599588	FALSE	FALSE	FALSE
ARREST_raw	B	0.95	0.95	65	2.9338568698359038	2.940219563623732	1.61859666107933e-5	39.125	0.0063626937878282774	4.048387223766855e-5	TRUE	FALSE	FALSE
ARREST_raw	B	0.95	0.95	66	2.9338568698359038	2.6481071651347805	5.179357288168651e-4	39.125	-0.28574970470112326	0.08165289373677914	TRUE	FALSE	FALSE
ARREST_raw	B	0.95	0.95	67	2.9338568698359038	1.7346010553880025	0.022571595075751016	39.125	-1.1992558144479013	1.438214508487099	TRUE	FALSE	FALSE
ARREST_raw	B	0.95	0.95	68	2.9338568698359038	2.2830982053205484	0.008742893093897863	39.125	-0.6507586645153554	0.4234868394418088	TRUE	FALSE	FALSE
ARREST_raw	B	0.95	0.95	69	2.9338568698359038	2.967561396587295	1.8648086590755675e-4	39.125	0.03370452675139113	0.0011359951235352403	TRUE	FALSE	FALSE
ARREST_raw	B	0.95	0.95	70	2.9338568698359038	2.185459735756633	0.012692639373029002	39.125	-0.7483971340792706	0.5600982702980657	TRUE	FALSE	FALSE
ARREST_raw	B	0.95	0.95	71	2.9338568698359038	1.6242347298755386	0.017886460247371172	39.125	-1.3096221399603651	1.7151101494743661	TRUE	FALSE	FALSE
ARREST_raw	B	0.95	0.95	72	2.9338568698359038	2.901421594082749	3.3095767437574253e-4	39.125	-0.03243527575315497	0.0010520471131832026	TRUE	FALSE	FALSE
ARREST_raw	B	0.95	0.95	73	2.9338568698359038	1.6053893239081	0.03034571821716492	39.125	-1.3284675459278037	1.7648260205834412	TRUE	FALSE	FALSE
ARREST_raw	B	0.95	0.95	74	2.9338568698359038	2.4567357728213035	0.002862952419810827	39.125	-0.47712109701460026	0.22764454121641559	TRUE	FALSE	FALSE
ARREST_raw	B	0.95	0.95	75	2.9338568698359038	3.750064143152962	1.3096181549199226e-4	39.125	0.8162072733170582	0.666194313015667	TRUE	FALSE	FALSE
ARREST_raw	B	0.95	0.95	76	2.9338568698359038	1.1523164676399706	0.13530151080030395	39.125	-1.7815404021959331	3.1738862046564473	FALSE	FALSE	FALSE
ARREST_raw	B	0.95	0.95	77	2.9338568698359038	1.1217347060886214	0.10450941189869334	39.125	-1.8121221637472824	3.2837867363441324	FALSE	FALSE	FALSE
ARREST_raw	B	0.95	0.95	78	2.9338568698359038	1.1388187091460473	0.05166323695451913	39.125	-1.7950381606898564	3.222161998332823	FALSE	FALSE	FALSE
ARREST_raw	B	0.95	0.95	79	2.9338568698359038	3.195753407447346	0.002414561832689177	39.125	0.26189653761144216	0.06858979641286153	TRUE	FALSE	FALSE
ARREST_raw	B	0.95	0.95	80	2.9338568698359038	1.4884679858393763	0.04294623560375066	39.125	-1.4453888839965274	2.089149025980727	TRUE	FALSE	FALSE
ARREST_raw	B	0.95	0.95	81	2.9338568698359038	1.8890227746532622	0.02475393997081332	39.125	-1.0448340951826416	1.0916782864561294	TRUE	FALSE	FALSE
ARREST_raw	B	0.95	0.95	82	2.9338568698359038	1.943791504191327	0.005714718644028172	39.125	-0.9900653656445768	0.9802294282489296	TRUE	FALSE	FALSE
ARREST_raw	B	0.95	0.95	83	2.9338568698359038	1.753006482930822	0.007048023102657841	39.125	-1.1808503869050817	1.394407636253881	TRUE	FALSE	FALSE
ARREST_raw	B	0.95	0.95	84	2.9338568698359038	2.2440416373814354	0.01112163649826392	39.125	-0.6898152324544684	0.47584505492621226	TRUE	FALSE	FALSE
ARREST_raw	B	0.95	0.95	85	2.9338568698359038	1.9982952841425803	0.008465155531605095	39.125	-0.9355615856933235	0.8752754806250058	TRUE	FALSE	FALSE
ARREST_raw	B	0.95	0.95	86	2.9338568698359038	3.8297849071911765	7.081769284944528e-5	39.125	0.8959280373552727	0.8026870481192709	TRUE	FALSE	FALSE
ARREST_raw	B	0.95	0.95	87	2.9338568698359038	2.104134154270175	0.0025892788069379336	39.125	-0.8297227155657287	0.6884397847257672	TRUE	FALSE	FALSE
ARREST_raw	B	0.95	0.95	88	2.9338568698359038	3.8329797980876927	1.3209760587262753e-4	39.125	0.899122928251789	0.8084220401080716	TRUE	FALSE	FALSE
ARREST_raw	B	0.95	0.95	89	2.9338568698359038	2.721987708945945	8.225489453800305e-4	39.125	-0.21186916088995877	0.04488854133621523	TRUE	FALSE	FALSE
ARREST_raw	B	0.95	0.95	90	2.9338568698359038	1.9704512579714069	0.005861062557849128	39.125	-0.9634056118644969	0.9281503729720056	TRUE	FALSE	FALSE
ARREST_raw	B	0.95	0.95	91	2.9338568698359038	1.6406904559311088	0.07131594490204662	39.125	-1.293166413904795	1.6722793740513873	FALSE	FALSE	FALSE
ARREST_raw	B	0.95	0.95	92	2.9338568698359038	0.6109090823229731	0.3996249831330029	39.125	-2.3229477875129305	5.396086423511219	FALSE	FALSE	FALSE
ARREST_raw	B	0.95	0.95	93	2.9338568698359038	1.9683326131111456	0.029080909149027723	39.125	-0.9655242567247582	0.9322370903238967	TRUE	FALSE	FALSE
ARREST_raw	B	0.95	0.95	94	2.9338568698359038	1.3907646412507897	0.02722967274276411	39.125	-1.543092228585114	2.381133625919774	TRUE	FALSE	FALSE
ARREST_raw	B	0.95	0.95	95	2.9338568698359038	3.8239042962048275	4.5538276340351125e-5	39.125	0.8900474263689238	0.7921844211859448	TRUE	FALSE	FALSE
ARREST_raw	B	0.95	0.95	96	2.9338568698359038	1.532476871297972	0.012972634566753682	39.125	-1.4013799985379318	1.963865900302174	TRUE	FALSE	FALSE
ARREST_raw	B	0.95	0.95	97	2.9338568698359038	1.4993979310543146	0.04725818027019468	39.125	-1.4344589387815891	2.057672447050403	TRUE	FALSE	FALSE
ARREST_raw	B	0.95	0.95	98	2.9338568698359038	1.6094379124339966	0.038571751020158196	39.125	-1.3244189574019072	1.7540855747255548	TRUE	FALSE	FALSE
ARREST_raw	B	0.95	0.95	99	2.9338568698359038	1.7790743097007216	0.014655497160997233	39.125	-1.1547825601351822	1.3335227611923657	TRUE	FALSE	FALSE
ARREST_raw	B	0.95	0.95	100	2.9338568698359038	2.060938070115277	0.013024827983886489	39.125	-0.8729187997206269	0.7619872309057	TRUE	FALSE	FALSE
ARREST_raw	B	0.95	0.95	101	2.9338568698359038	2.3283019809991754	3.506055632434002e-4	39.125	-0.6055548888367284	0.36669672339406245	TRUE	FALSE	FALSE
ARREST_raw	B	0.95	0.95	102	2.9338568698359038	1.1541821398225327	0.17844075026766315	39.125	-1.779674730013371	3.1672421446481653	FALSE	FALSE	FALSE
ARREST_raw	B	0.95	0.95	103	2.9338568698359038	0.3894647667617234	0.6164988124865429	39.125	-2.5443921030741805	6.4739311741862515	FALSE	FALSE	FALSE
ARREST_raw	B	0.95	0.95	104	2.9338568698359038	1.9289605907402727	0.013480189137842324	39.125	-1.004896279095631	1.0098165317402443	TRUE	FALSE	FALSE
ARREST_raw	B	0.95	0.95	105	2.9338568698359038	1.7364093741411883	0.04894752905871069	39.125	-1.1974474956947154	1.4338805049455454	TRUE	FALSE	FALSE
ARREST_raw	B	0.95	0.95	106	2.9338568698359038	2.2235418856535927	0.006050304175803212	39.125	-0.7103149841823111	0.5045473767539168	TRUE	FALSE	FALSE
ARREST_raw	B	0.95	0.95	107	2.9338568698359038	1.684945464940554	0.010647336427205834	39.125	-1.2489114048953498	1.5597796972776763	TRUE	FALSE	FALSE
ARREST_raw	B	0.95	0.95	108	2.9338568698359038	1.6506808709681497	0.018262340423331302	39.125	-1.283175998867754	1.6465406440702584	TRUE	FALSE	FALSE
ARREST_raw	B	0.95	0.95	109	2.9338568698359038	2.7914318100412587	2.3884450772526655e-4	39.125	-0.14242505979464504	0.020284897657508214	TRUE	FALSE	FALSE
ARREST_raw	B	0.95	0.95	110	2.9338568698359038	1.9662728435741976	0.006394889416482696	39.125	-0.9675840262617061	0.9362188478768141	TRUE	FALSE	FALSE
ARREST_raw	B	0.95	0.95	111	2.9338568698359038	1.8245492920510413	0.01620130856479496	39.125	-1.1093075777848624	1.2305633021309186	TRUE	FALSE	FALSE
ARREST_raw	B	0.95	0.95	112	2.9338568698359038	2.0541237336942797	0.01205185146683918	39.125	-0.8797331361416241	0.7739303908255772	TRUE	FALSE	FALSE
ARREST_raw	B	0.95	0.95	113	2.9338568698359038	2.3978952727983716	0.0017881648822701823	39.125	-0.5359615970375322	0.28725483349902203	TRUE	FALSE	FALSE
ARREST_raw	B	0.95	0.95	114	2.9338568698359038	3.7529583107984537	1.5081520346615918e-4	39.125	0.8191014409625499	0.6709271705869256	TRUE	FALSE	FALSE
ARREST_raw	B	0.95	0.95	115	2.9338568698359038	1.7346010553881064	0.008484317107363304	39.125	-1.1992558144477974	1.4382145084868498	TRUE	FALSE	FALSE
ARREST_raw	B	0.95	0.95	116	2.9338568698359038	1.9848919421261635	0.005335379443753396	39.125	-0.9489649277097403	0.9005344340231526	TRUE	FALSE	FALSE
ARREST_raw	B	0.95	0.95	117	2.9338568698359038	2.6761749925717613	0.0010739281040119675	39.125	-0.2576818772641425	0.0663999498703726	TRUE	FALSE	FALSE
ARREST_raw	B	0.95	0.95	118	2.9338568698359038	2.841483549704888	2.611055442169885e-5	39.125	-0.09237332013101573	0.008532830272027116	TRUE	FALSE	FALSE
ARREST_raw	B	0.95	0.95	119	2.9338568698359038	2.268683541287503	0.004115427908272684	39.125	-0.6651733285484007	0.44245555701215866	TRUE	FALSE	FALSE
ARREST_raw	B	0.95	0.95	120	2.9338568698359038	1.6618230475213909	0.02040040689309852	39.125	-1.272033822314513	1.6180700451120698	TRUE	FALSE	FALSE
ARREST_raw	B	0.95	0.95	121	2.9338568698359038	0.5371429320833637	0.5285028662711442	39.125	-2.39671393775254	5.744237699417287	FALSE	FALSE	FALSE
ARREST_raw	B	0.95	0.95	122	2.9338568698359038	1.91050822200401	0.008529865885982035	39.125	-1.0233486478318938	1.0472424550193655	TRUE	FALSE	FALSE
ARREST_raw	B	0.95	0.95	123	2.9338568698359038	1.7901709065425295	0.01802359270816767	39.125	-1.1436859632933742	1.3080175826342935	TRUE	FALSE	FALSE
ARREST_raw	B	0.95	0.95	124	2.9338568698359038	1.019302450210226	0.0884040873842532	39.125	-1.9145544196256779	3.665518625708216	FALSE	FALSE	FALSE
ARREST_raw	B	0.95	0.95	125	2.9338568698359038	1.6357552207514503	0.025182872575999826	39.125	-1.2981016490844535	1.6850678913557775	TRUE	FALSE	FALSE
ARREST_raw	B	0.95	0.95	126	2.9338568698359038	1.6126328033305963	0.03038195391855969	39.125	-1.3212240665053074	1.745633033912821	TRUE	FALSE	FALSE
ARREST_raw	B	0.95	0.95	127	2.9338568698359038	1.3381618753694295	0.07496329639888755	39.125	-1.5956949944664742	2.5462425153653614	FALSE	FALSE	FALSE
ARREST_raw	B	0.95	0.95	128	2.9338568698359038	1.0936617835082492	0.1709928144634062	39.125	-1.8401950863276546	3.386317955744444	FALSE	FALSE	FALSE
ARREST_raw	B	0.95	0.95	129	2.9338568698359038	1.0324724861635646	0.2027433848993354	39.125	-1.9013843836723392	3.615262574473041	FALSE	FALSE	FALSE
ARREST_raw	B	0.95	0.95	130	2.9338568698359038	2.6032774021818414	9.805050470563792e-4	39.125	-0.3305794676540623	0.10928278443444324	TRUE	FALSE	FALSE
ARREST_raw	B	0.95	0.95	131	2.9338568698359038	3.4552646029324294	6.752997131923566e-4	39.125	0.5214077330965257	0.27186602413285776	TRUE	FALSE	FALSE
ARREST_raw	B	0.95	0.95	132	2.9338568698359038	1.958717154411692	0.003700893175431985	39.125	-0.9751397154242119	0.9508974645976128	TRUE	FALSE	FALSE
ARREST_raw	B	0.95	0.95	133	2.9338568698359038	2.4485390056171163	5.292157956920951e-4	39.125	-0.4853178642187874	0.23553342932988539	TRUE	FALSE	FALSE
ARREST_raw	B	0.95	0.95	134	2.9338568698359038	3.0463881099063728	7.008682075637651e-5	39.125	0.112531240070469	0.012663279991797527	TRUE	FALSE	FALSE
ARREST_raw	B	0.95	0.95	135	2.9338568698359038	3.183473897817283	0.0027024931992990497	39.125	0.2496170279813792	0.062308660658256645	TRUE	FALSE	FALSE
ARREST_raw	B	0.95	0.95	136	2.9338568698359038	1.8797703465495015	0.009039755882519152	39.125	-1.0540865232864023	1.111098398574015	TRUE	FALSE	FALSE
ARREST_raw	B	0.95	0.95	137	2.9338568698359038	1.8152899666382474	0.006199615092983057	39.125	-1.1185669031976564	1.2511919169291952	TRUE	FALSE	FALSE
ARREST_raw	B	0.95	0.95	138	2.9338568698359038	1.5876979257976944	0.007139784862112086	39.125	-1.3461589440382093	1.8121439026140669	TRUE	FALSE	FALSE
ARREST_raw	B	0.95	0.95	139	2.9338568698359038	0.7621400520468963	0.3017159607855159	39.125	-2.1717168177890076	4.7163539366676135	FALSE	FALSE	FALSE
ARREST_raw	B	0.95	0.95	140	2.9338568698359038	2.131627294850406	0.004568824159783769	39.125	-0.802229574985498	0.6435722909814127	TRUE	FALSE	FALSE
ARREST_raw	B	0.95	0.95	141	2.9338568698359038	1.4408984951547426	0.03972898284771009	39.125	-1.4929583746811612	2.2289247085306148	TRUE	FALSE	FALSE
ARREST_raw	B	0.95	0.95	142	2.9338568698359038	3.1451096746283445	8.385840480440443e-5	39.125	0.21125280479244068	0.04462774753267305	TRUE	FALSE	FALSE
ARREST_raw	B	0.95	0.95	143	2.9338568698359038	2.4920241175568645	1.6452512039277778e-4	39.125	-0.4418327522790393	0.1952161809864709	TRUE	FALSE	FALSE
ARREST_raw	B	0.95	0.95	144	2.9338568698359038	-0.5465437063680536	0.5839736981490622	39.125	-3.4804005762039574	12.11318817084084	FALSE	TRUE	FALSE
ARREST_raw	B	0.95	0.95	145	2.9338568698359038	2.32611559039439	8.559634994744769e-4	39.125	-0.6077412794415138	0.36934946273720815	TRUE	FALSE	FALSE
ARREST_raw	B	0.95	0.95	146	2.9338568698359038	3.613488608147319	2.8714119436201724e-4	39.125	0.6796317383114152	0.46189929972019594	TRUE	FALSE	FALSE
ARREST_raw	B	0.95	0.95	147	2.9338568698359038	2.509120907908595	0.0025672062535219142	39.125	-0.42473596192730856	0.1804006373543161	TRUE	FALSE	FALSE
ARREST_raw	B	0.95	0.95	148	2.9338568698359038	0.5234440877252022	0.48595605576461554	39.125	-2.4104127821107015	5.810089780162652	FALSE	FALSE	FALSE
ARREST_raw	B	0.95	0.95	149	2.9338568698359038	2.5649493574615363	8.775633678625994e-4	39.125	-0.3689075123743675	0.1360927526862441	TRUE	FALSE	FALSE
ARREST_raw	B	0.95	0.95	150	2.9338568698359038	0.4116570783601357	0.613443416080721	39.125	-2.522199791475768	6.361491788120408	FALSE	FALSE	FALSE
ARREST_raw	B	0.95	0.95	151	2.9338568698359038	2.2806061862444107	0.004839294901881286	39.125	-0.6532506835914931	0.426736455612753	TRUE	FALSE	FALSE
ARREST_raw	B	0.95	0.95	152	2.9338568698359038	2.697326237739234	1.8786908760914933e-4	39.125	-0.2365306320966698	0.05594673992005016	TRUE	FALSE	FALSE
ARREST_raw	B	0.95	0.95	153	2.9338568698359038	3.5553480614894157	6.473459893844291e-4	39.125	0.621491191653512	0.38625130130290236	TRUE	FALSE	FALSE
ARREST_raw	B	0.95	0.95	154	2.9338568698359038	1.4400197604760252	0.019523180220112457	39.125	-1.4938371093598786	2.2315493093006777	TRUE	FALSE	FALSE
ARREST_raw	B	0.95	0.95	155	2.9338568698359038	2.272732129842649	0.0017612096359217455	39.125	-0.6611247399932547	0.43708592183114864	TRUE	FALSE	FALSE
ARREST_raw	B	0.95	0.95	156	2.9338568698359038	2.2481910209279437	0.008556818575302216	39.125	-0.6856658489079601	0.4701376563586736	TRUE	FALSE	FALSE
ARREST_raw	B	0.95	0.95	157	2.9338568698359038	2.7677694358038325	9.344903727422915e-4	39.125	-0.16608743403207127	0.027585035743357626	TRUE	FALSE	FALSE
ARREST_raw	B	0.95	0.95	158	2.9338568698359038	1.8358701676718265	0.02178926292724903	39.125	-1.0979867021640772	1.205574798129146	TRUE	FALSE	FALSE
ARREST_raw	B	0.95	0.95	159	2.9338568698359038	1.2393399481632275	0.056503985072495655	39.125	-1.6945169216726763	2.871387597835043	FALSE	FALSE	FALSE
ARREST_raw	B	0.95	0.95	160	2.9338568698359038	0.6778797084291566	0.3300440293882724	39.125	-2.255977161406747	5.089432952788845	FALSE	FALSE	FALSE
ARREST_raw	B	0.95	0.95	161	2.9338568698359038	1.666886139346646	0.02538234253758187	39.125	-1.2669707304892577	1.6052148319164832	TRUE	FALSE	FALSE
ARREST_raw	B	0.95	0.95	162	2.9338568698359038	1.02545353348172	0.15055976337937071	39.125	-1.9084033363541837	3.6420032942077794	FALSE	FALSE	FALSE
ARREST_raw	B	0.95	0.95	163	2.9338568698359038	1.911718784305342	0.011939735916175254	39.125	-1.0221380855305617	1.044766265892082	TRUE	FALSE	FALSE
ARREST_raw	B	0.95	0.95	164	2.9338568698359038	2.691920819172326	3.7215480247632104e-4	39.125	-0.2419360506635777	0.05853305261068924	TRUE	FALSE	FALSE
ARREST_raw	B	0.95	0.95	165	2.9338568698359038	2.0535721617014193	0.01023856222050501	39.125	-0.8802847081344845	0.7749011673754145	TRUE	FALSE	FALSE
ARREST_raw	B	0.95	0.95	166	2.9338568698359038	1.8430157258925774	0.002135061991632936	39.125	-1.0908411439433263	1.1899344013195847	TRUE	FALSE	FALSE
ARREST_raw	B	0.95	0.95	167	2.9338568698359038	1.33500106673234	0.08217094186686813	39.125	-1.5988558031035638	2.556339879117942	FALSE	FALSE	FALSE
ARREST_raw	B	0.95	0.95	168	2.9338568698359038	1.3639374540186138	0.053795929493393846	39.125	-1.56991941581729	2.464646972160101	FALSE	FALSE	FALSE
ARREST_raw	B	0.95	0.95	169	2.9338568698359038	1.3381618753694293	0.07496329639888755	39.125	-1.5956949944664744	2.546242515365362	FALSE	FALSE	FALSE
ARREST_raw	B	0.95	0.95	170	2.9338568698359038	1.2498432583920331	0.08277779046109024	39.125	-1.6840136114438706	2.8359018435282275	FALSE	FALSE	FALSE
ARREST_raw	B	0.95	0.95	171	2.9338568698359038	2.4336133553991783	0.0014008684019022333	39.125	-0.5002435144367254	0.2502435737360063	TRUE	FALSE	FALSE
ARREST_raw	B	0.95	0.95	172	2.9338568698359038	4.0894305474196715	1.3212453208288899e-5	39.125	1.1555736775837677	1.3353505243244737	TRUE	FALSE	FALSE
ARREST_raw	B	0.95	0.95	173	2.9338568698359038	3.5498910220263418	4.6417373026286235e-4	39.125	0.616034152190438	0.37949807666499175	TRUE	FALSE	FALSE
ARREST_raw	B	0.95	0.95	174	2.9338568698359038	0.5877866649021187	0.508821562064213	39.125	-2.346070204933785	5.504045406478053	FALSE	FALSE	FALSE
ARREST_raw	B	0.95	0.95	175	2.9338568698359038	1.9459101490552095	0.007980764657362749	39.125	-0.9879467207806942	0.976038723101327	TRUE	FALSE	FALSE
ARREST_raw	B	0.95	0.95	176	2.9338568698359038	0.7951687949522569	0.3329806224053309	39.125	-2.138688074883647	4.57398668164952	FALSE	FALSE	FALSE
ARREST_raw	B	0.95	0.95	177	2.9338568698359038	1.550597412411167	0.01865284451326188	39.125	-1.3832594574247368	1.9134067265549772	TRUE	FALSE	FALSE
ARREST_raw	B	0.95	0.95	178	2.9338568698359038	2.4010799888658907	0.004079016523942269	39.125	-0.5327768809700131	0.28385120489613547	TRUE	FALSE	FALSE
ARREST_raw	B	0.95	0.95	179	2.9338568698359038	1.8012924298867778	0.03313683324423089	39.125	-1.132564439949126	1.2827022106372772	TRUE	FALSE	FALSE
ARREST_raw	B	0.95	0.95	180	2.9338568698359038	3.325773619844909	4.5575321159951887e-4	39.125	0.3919167500090053	0.15359873893762113	TRUE	FALSE	FALSE
ARREST_raw	B	0.95	0.95	181	2.9338568698359038	3.7464032982521207	1.2916422041087117e-4	39.125	0.8125464284162169	0.6602316983319504	TRUE	FALSE	FALSE
ARREST_raw	B	0.95	0.95	182	2.9338568698359038	2.040655516644679	0.0063654266311453656	39.125	-0.8932013531912246	0.7978086573426348	TRUE	FALSE	FALSE
ARREST_raw	B	0.95	0.95	183	2.9338568698359038	3.263361687454382	1.1628555515619254e-5	39.125	0.3295048176184783	0.10857342483378662	TRUE	FALSE	FALSE
ARREST_raw	B	0.95	0.95	184	2.9338568698359038	1.1755733298042368	0.09439361136007696	39.125	-1.758283540031667	3.0915610071462907	FALSE	FALSE	FALSE
ARREST_raw	B	0.95	0.95	185	2.9338568698359038	0.8929910880461023	0.21829164465477613	39.125	-2.0408657817898015	4.165133139280497	FALSE	FALSE	FALSE
ARREST_raw	B	0.95	0.95	186	2.9338568698359038	2.2741856184723503	0.0640866555334445	39.125	-0.6596712513635534	0.43516615987555646	FALSE	FALSE	FALSE
ARREST_raw	B	0.95	0.95	187	2.9338568698359038	3.3525587211669774	3.2036316298000855e-5	39.125	0.4187018513310736	0.1753112403080685	TRUE	FALSE	FALSE
ARREST_raw	B	0.95	0.95	188	2.9338568698359038	1.6945957207743034	0.019602976251352877	39.125	-1.2392611490616003	1.535768195573478	TRUE	FALSE	FALSE
ARREST_raw	B	0.95	0.95	189	2.9338568698359038	3.0020757474724555	3.467397790180016e-5	39.125	0.06821887763655177	0.004653815265990823	TRUE	FALSE	FALSE
ARREST_raw	B	0.95	0.95	190	2.9338568698359038	3.1975984264209134	1.4239073078181619e-5	39.125	0.26374155658500964	0.06955960866988384	TRUE	FALSE	FALSE
ARREST_raw	B	0.95	0.95	191	2.9338568698359038	1.9959205696299143	0.0034345358734100273	39.125	-0.9379363002059895	0.8797245032441001	TRUE	FALSE	FALSE
ARREST_raw	B	0.95	0.95	192	2.9338568698359038	3.140226085953281	9.704350665162842e-6	39.125	0.20636921611737735	0.0425882533609008	TRUE	FALSE	FALSE
ARREST_raw	B	0.95	0.95	193	2.9338568698359038	0.8472978603872037	0.22067515159482876	39.125	-2.0865590094487	4.35372849991154	FALSE	FALSE	FALSE
ARREST_raw	B	0.95	0.95	194	2.9338568698359038	3.3619766685088717	1.5850290033037062e-5	39.125	0.4281197986729679	0.18328656201578256	TRUE	FALSE	FALSE
ARREST_raw	B	0.95	0.95	195	2.9338568698359038	1.2244713258738824	0.06894960034112652	39.125	-1.7093855439620214	2.9219989379063356	FALSE	FALSE	FALSE
ARREST_raw	B	0.95	0.95	196	2.9338568698359038	2.550486295433982	3.700314940823235e-4	39.125	-0.3833705744019218	0.14697299731725946	TRUE	FALSE	FALSE
ARREST_raw	B	0.95	0.95	197	2.9338568698359038	2.0535721617014193	0.01023856222050501	39.125	-0.8802847081344845	0.7749011673754145	TRUE	FALSE	FALSE
ARREST_raw	B	0.95	0.95	198	2.9338568698359038	0.7621400520468969	0.2969683401433707	39.125	-2.1717168177890067	4.71635393666761	FALSE	FALSE	FALSE
ARREST_raw	B	0.95	0.95	199	2.9338568698359038	1.3627268917159776	0.054365170844772104	39.125	-1.5711299781199262	2.4684494081471198	FALSE	FALSE	FALSE
ARREST_raw	B	0.95	0.95	200	2.9338568698359038	1.4388868112390572	0.05957526322175044	39.125	-1.4949700585968466	2.234935476101059	FALSE	FALSE	FALSE
ARREST_raw	B	0.95	0.95	201	2.9338568698359038	2.004750649078133	0.0026805554230945328	39.125	-0.9291062207577707	0.8632383694507874	TRUE	FALSE	FALSE
ARREST_raw	B	0.95	0.95	202	2.9338568698359038	2.5336968139561047	7.13821278715332e-4	39.125	-0.4001600558797991	0.16012807032172394	TRUE	FALSE	FALSE
ARREST_raw	B	0.95	0.95	203	2.9338568698359038	3.4965075614664793	0.001512740772383836	39.125	0.5626506916305756	0.316575800792365	TRUE	FALSE	FALSE
ARREST_raw	B	0.95	0.95	204	2.9338568698359038	1.879218774556465	0.022297581957743784	39.125	-1.0546380952794387	1.1122615120146426	TRUE	FALSE	FALSE
ARREST_raw	B	0.95	0.95	205	2.9338568698359038	1.7332160136150574	0.03141379497489705	39.125	-1.2006408562208464	1.4415384656267272	TRUE	FALSE	FALSE
ARREST_raw	B	0.95	0.95	206	2.9338568698359038	3.7612001156935455	6.325630090875389e-5	39.125	0.8273432458576417	0.6844968464662582	TRUE	FALSE	FALSE
ARREST_raw	B	0.95	0.95	207	2.9338568698359038	1.824549292051041	0.016201308564794847	39.125	-1.1093075777848627	1.230563302130919	TRUE	FALSE	FALSE
ARREST_raw	B	0.95	0.95	208	2.9338568698359038	2.516994964338976	0.0022470503039948575	39.125	-0.4168619054969276	0.17377384825452938	TRUE	FALSE	FALSE
ARREST_raw	B	0.95	0.95	209	2.9338568698359038	1.2012664427244917	0.11134255293124706	39.125	-1.732590427111412	3.0018695881181054	FALSE	FALSE	FALSE
ARREST_raw	B	0.95	0.95	210	2.9338568698359038	2.3470368555648613	0.0010973253044636033	39.125	-0.5868200142710425	0.3443577291490665	TRUE	FALSE	FALSE
ARREST_raw	B	0.95	0.95	211	2.9338568698359038	4.188644130520489	1.1123354465292223e-5	39.125	1.254787260684585	1.5744910695763243	TRUE	FALSE	FALSE
ARREST_raw	B	0.95	0.95	212	2.9338568698359038	3.8748707397968474	7.8432343358803e-5	39.125	0.9410138699609436	0.8855071034588717	TRUE	FALSE	FALSE
ARREST_raw	B	0.95	0.95	213	2.9338568698359038	1.3264295856784984	0.07184365275997295	39.125	-1.6074272841574053	2.583822473853652	FALSE	FALSE	FALSE
ARREST_raw	B	0.95	0.95	214	2.9338568698359038	1.9015103331850476	0.007407804689872788	39.125	-1.0323465366508562	1.0657393717350176	TRUE	FALSE	FALSE
ARREST_raw	B	0.95	0.95	215	2.9338568698359038	1.8765392771845644	0.02493233907871506	39.125	-1.0573175926513394	1.1179204917300236	TRUE	FALSE	FALSE
ARREST_raw	B	0.95	0.95	216	2.9338568698359038	1.1181251028916919	0.1045825820592694	39.125	-1.815731766944212	3.29688184949035	FALSE	FALSE	FALSE
ARREST_raw	B	0.95	0.95	217	2.9338568698359038	2.7418800656206153	0.013163956454824821	39.125	-0.1919768042152885	0.03685509335671522	TRUE	FALSE	FALSE
ARREST_raw	B	0.95	0.95	218	2.9338568698359038	1.3499267169490157	0.06950834974802877	39.125	-1.583930152886888	2.5088347292242807	FALSE	FALSE	FALSE
ARREST_raw	B	0.95	0.95	219	2.9338568698359038	2.132816002271211	0.015413294710160175	39.125	-0.801040867564693	0.641666471508796	TRUE	FALSE	FALSE
ARREST_raw	B	0.95	0.95	220	2.9338568698359038	0.9985288301111268	0.14805415634390595	39.125	-1.935328039724777	3.745494621344948	FALSE	FALSE	FALSE
ARREST_raw	B	0.95	0.95	221	2.9338568698359038	1.619707579071556	0.0228701454906326	39.125	-1.3141492907643477	1.726988358416438	TRUE	FALSE	FALSE
ARREST_raw	B	0.95	0.95	222	2.9338568698359038	1.450207686859842	0.06445747126633083	39.125	-1.4836491829760619	2.201214898145536	FALSE	FALSE	FALSE
ARREST_raw	B	0.95	0.95	223	2.9338568698359038	3.8521718938992735	5.2988235453077515e-5	39.125	0.9183150240633697	0.8433024834205073	TRUE	FALSE	FALSE
ARREST_raw	B	0.95	0.95	224	2.9338568698359038	2.1072763406732773	0.009610901700916052	39.125	-0.8265805291626265	0.6832353711907676	TRUE	FALSE	FALSE
ARREST_raw	B	0.95	0.95	225	2.9338568698359038	3.4442568711226045	4.6411543131075206e-4	39.125	0.5104000012867007	0.2605081613134641	TRUE	FALSE	FALSE
ARREST_raw	B	0.95	0.95	226	2.9338568698359038	1.4596256341745812	0.11640530378399117	39.125	-1.4742312356613225	2.17335773619951	FALSE	FALSE	FALSE
ARREST_raw	B	0.95	0.95	227	2.9338568698359038	2.3315726298655024	0.0012371815390149754	39.125	-0.6022842399704014	0.362746305716724	TRUE	FALSE	FALSE
ARREST_raw	B	0.95	0.95	228	2.9338568698359038	2.352065150257416	0.003342833477826046	39.125	-0.5817917195784879	0.33848160497009383	TRUE	FALSE	FALSE
ARREST_raw	B	0.95	0.95	229	2.9338568698359038	2.4567357728213035	0.0016612288468519365	39.125	-0.47712109701460026	0.22764454121641559	TRUE	FALSE	FALSE
ARREST_raw	B	0.95	0.95	230	2.9338568698359038	2.3905959703167596	0.002632975371663737	39.125	-0.5432608995191441	0.2951324049463496	TRUE	FALSE	FALSE
ARREST_raw	B	0.95	0.95	231	2.9338568698359038	3.073650710646443	0.0029782198203436305	39.125	0.13979384081053903	0.019542317928562328	TRUE	FALSE	FALSE
ARREST_raw	B	0.95	0.95	232	2.9338568698359038	2.9087208965643616	2.7583706165212885e-4	39.125	-0.025135973271542156	6.318171523076817e-4	TRUE	FALSE	FALSE
ARREST_raw	B	0.95	0.95	233	2.9338568698359038	1.3449762117891597	0.08351510869243572	39.125	-1.588880658046744	2.5245417455150543	FALSE	FALSE	FALSE
ARREST_raw	B	0.95	0.95	234	2.9338568698359038	3.4271728680653735	0.0013481493426824587	39.125	0.4933159982294697	0.24336067410913814	TRUE	FALSE	FALSE
ARREST_raw	B	0.95	0.95	235	2.9338568698359038	2.1481075623711217	0.013304231173113412	39.125	-0.7857493074647821	0.6174019741813846	TRUE	FALSE	FALSE
ARREST_raw	B	0.95	0.95	236	2.9338568698359038	1.9484808445584136	0.015424231286229162	39.125	-0.9853760252774901	0.9709659111916649	TRUE	FALSE	FALSE
ARREST_raw	B	0.95	0.95	237	2.9338568698359038	3.4069280563711404	4.6459052835290393e-4	39.125	0.4730711865352366	0.22379634752985664	TRUE	FALSE	FALSE
ARREST_raw	B	0.95	0.95	238	2.9338568698359038	1.9537610235310245	0.004460917547180365	39.125	-0.9800958463048792	0.9605878679440775	TRUE	FALSE	FALSE
ARREST_raw	B	0.95	0.95	239	2.9338568698359038	2.4567357728213017	0.0016826121550362894	39.125	-0.47712109701460204	0.22764454121641728	TRUE	FALSE	FALSE
ARREST_raw	B	0.95	0.95	240	2.9338568698359038	2.1041341542665055	0.005606442912216902	39.125	-0.8297227155693983	0.6884397847318565	TRUE	FALSE	FALSE
ARREST_raw	B	0.95	0.95	241	2.9338568698359038	1.63082910238456	0.049907002992819915	39.125	-1.3030277674513437	1.697881362749233	TRUE	FALSE	FALSE
ARREST_raw	B	0.95	0.95	242	2.9338568698359038	2.1072763406732773	0.009610901700916052	39.125	-0.8265805291626265	0.6832353711907676	TRUE	FALSE	FALSE
ARREST_raw	B	0.95	0.95	243	2.9338568698359038	1.7976245886804532	0.020340762446130478	39.125	-1.1362322811554506	1.291023796739719	TRUE	FALSE	FALSE
ARREST_raw	B	0.95	0.95	244	2.9338568698359038	1.975038421978337	0.016436920462201132	39.125	-0.9588184478575668	0.9193328159519935	TRUE	FALSE	FALSE
ARREST_raw	B	0.95	0.95	245	2.9338568698359038	2.1202635361968594	0.0020998060121276696	39.125	-0.8135933336390444	0.6619341125418934	TRUE	FALSE	FALSE
ARREST_raw	B	0.95	0.95	246	2.9338568698359038	2.4336133554004498	0.004426999724120306	39.125	-0.500243514435454	0.25024357373473427	TRUE	FALSE	FALSE
ARREST_raw	B	0.95	0.95	247	2.9338568698359038	2.080180913244361	5.917918278662837e-4	39.125	-0.8536759565915428	0.7287626388624857	TRUE	FALSE	FALSE
ARREST_raw	B	0.95	0.95	248	2.9338568698359038	2.157219242722413	0.003653200069822282	39.125	-0.7766376271134909	0.6031660038484737	TRUE	FALSE	FALSE
ARREST_raw	B	0.95	0.95	249	2.9338568698359038	3.4924589729404807	9.886060426701482e-4	39.125	0.5586021031045769	0.3120363095928564	TRUE	FALSE	FALSE
ARREST_raw	B	0.95	0.95	250	2.9338568698359038	1.0122276744692895	0.1954172731451307	39.125	-1.9216291953666143	3.6926587644853415	FALSE	FALSE	FALSE
ARREST_raw	B	0.95	0.95	251	2.9338568698359038	2.753559605231178	1.3361831011293734e-4	39.125	-0.18029726460472562	0.032507103623946446	TRUE	FALSE	FALSE
ARREST_raw	B	0.95	0.95	252	2.9338568698359038	1.945910149055313	0.0170101408263601	39.125	-0.9879467207805908	0.9760387231011226	TRUE	FALSE	FALSE
ARREST_raw	B	0.95	0.95	253	2.9338568698359038	2.0614230361771577	0.016858189414002078	39.125	-0.872433833658746	0.7611407941124966	TRUE	FALSE	FALSE
ARREST_raw	B	0.95	0.95	254	2.9338568698359038	2.7331298854988617	0.015801370540142967	39.125	-0.20072698433704206	0.04029132224104313	TRUE	FALSE	FALSE
ARREST_raw	B	0.95	0.95	255	2.9338568698359038	2.456735772821304	0.0035939150116880425	39.125	-0.4771210970145998	0.22764454121641517	TRUE	FALSE	FALSE
ARREST_raw	B	0.95	0.95	256	2.9338568698359038	3.695436854659476	3.0408693305861156e-4	39.125	0.7615799848235723	0.5800040732838725	TRUE	FALSE	FALSE
ARREST_raw	B	0.95	0.95	257	2.9338568698359038	2.5889505095610805	0.0012597482869843857	39.125	-0.34490636027482324	0.11896039735802617	TRUE	FALSE	FALSE
ARREST_raw	B	0.95	0.95	258	2.9338568698359038	2.086417155416261	0.003494346768450951	39.125	-0.8474397144196426	0.7181540695756454	TRUE	FALSE	FALSE
ARREST_raw	B	0.95	0.95	259	2.9338568698359038	2.071073292009319	0.01317130162780844	39.125	-0.8627835778265847	0.7443955021672423	TRUE	FALSE	FALSE
ARREST_raw	B	0.95	0.95	260	2.9338568698359038	0.8508408224635475	0.2614738247046059	39.125	-2.0830160473723565	4.338955853610755	FALSE	FALSE	FALSE
ARREST_raw	B	0.95	0.95	261	2.9338568698359038	1.4350845252892186	0.06311891267305636	39.125	-1.4987723445466852	2.2463185407779678	FALSE	FALSE	FALSE
ARREST_raw	B	0.95	0.95	262	2.9338568698359038	4.35873107206758	1.1010959277690802e-6	39.125	1.4248742022316763	2.0302664921853557	TRUE	FALSE	FALSE
ARREST_raw	B	0.95	0.95	263	2.9338568698359038	1.0637250296676692	0.1496139469880906	39.125	-1.8701318401682345	3.497393099611027	FALSE	FALSE	FALSE
ARREST_raw	B	0.95	0.95	264	2.9338568698359038	2.913902255306357	1.1456360159411982e-4	39.125	-0.01995461452954661	3.981866410227927e-4	TRUE	FALSE	FALSE
ARREST_raw	B	0.95	0.95	265	2.9338568698359038	2.8672302293344707	2.891803243788571e-4	39.125	-0.06662664050143308	0.004439109224507202	TRUE	FALSE	FALSE
ARREST_raw	B	0.95	0.95	266	2.9338568698359038	2.4055216205278622	5.891949417655695e-4	39.125	-0.5283352493080415	0.2791381356613904	TRUE	FALSE	FALSE
ARREST_raw	B	0.95	0.95	267	2.9338568698359038	1.4672158034721157	0.03041679207917214	39.125	-1.466641066363788	2.1510360175447096	TRUE	FALSE	FALSE
ARREST_raw	B	0.95	0.95	268	2.9338568698359038	1.6094379124341	0.02928359185138718	39.125	-1.3244189574018037	1.7540855747252808	TRUE	FALSE	FALSE
ARREST_raw	B	0.95	0.95	269	2.9338568698359038	3.169685580674419	0.004222343608924817	39.125	0.2358287108385153	0.05561518085575607	TRUE	FALSE	FALSE
ARREST_raw	B	0.95	0.95	270	2.9338568698359038	2.4894418049521247	0.0015847547119084426	39.125	-0.444415064883779	0.1975047498956535	TRUE	FALSE	FALSE
ARREST_raw	B	0.95	0.95	271	2.9338568698359038	3.6986797587122275	1.2737188083145057e-6	39.125	0.7648228888763238	0.5849540513491255	TRUE	FALSE	FALSE
ARREST_raw	B	0.95	0.95	272	2.9338568698359038	2.1917225001822356	0.006149806215961284	39.125	-0.7421343696536682	0.5507634226212474	TRUE	FALSE	FALSE
ARREST_raw	B	0.95	0.95	273	2.9338568698359038	1.8178528384559243	0.011247946637153228	39.125	-1.1160040313799795	1.2454649980563663	TRUE	FALSE	FALSE
ARREST_raw	B	0.95	0.95	274	2.9338568698359038	2.6761749925717617	0.0010739281040119675	39.125	-0.25768187726414205	0.06639994987037237	TRUE	FALSE	FALSE
ARREST_raw	B	0.95	0.95	275	2.9338568698359038	1.712716261887579	0.01939623528898715	39.125	-1.2211406079483247	1.491184384380404	TRUE	FALSE	FALSE
ARREST_raw	B	0.95	0.95	276	2.9338568698359038	3.1214834788595502	0.0026873551730387524	39.125	0.18762660902364647	0.035203744413712296	TRUE	FALSE	FALSE
ARREST_raw	B	0.95	0.95	277	2.9338568698359038	3.2907152158842674	0.001056314375591394	39.125	0.35685834604836364	0.12734787914437365	TRUE	FALSE	FALSE
ARREST_raw	B	0.95	0.95	278	2.9338568698359038	2.0014800002097366	0.005145728824829221	39.125	-0.9323768696261672	0.8693266270138907	TRUE	FALSE	FALSE
ARREST_raw	B	0.95	0.95	279	2.9338568698359038	1.258040025596211	0.07881770010830103	39.125	-1.6758168442396928	2.8083620954374826	FALSE	FALSE	FALSE
ARREST_raw	B	0.95	0.95	280	2.9338568698359038	2.1759471788846243	0.0024806351003923144	39.125	-0.7579096909512795	0.574427099637864	TRUE	FALSE	FALSE
ARREST_raw	B	0.95	0.95	281	2.9338568698359038	2.7773848945032737	9.799220510268158e-4	39.125	-0.15647197533263002	0.02448347906449518	TRUE	FALSE	FALSE
ARREST_raw	B	0.95	0.95	282	2.9338568698359038	1.1895840668738362	0.07561792325292771	39.125	-1.7442728029620675	3.0424876111531476	FALSE	FALSE	FALSE
ARREST_raw	B	0.95	0.95	283	2.9338568698359038	3.663561646129646	1.5120042381189247e-4	39.125	0.7297047762937421	0.5324690605459002	TRUE	FALSE	FALSE
ARREST_raw	B	0.95	0.95	284	2.9338568698359038	2.808133659659193	3.0058779097308364e-4	39.125	-0.12572321017671095	0.015806325577137438	TRUE	FALSE	FALSE
ARREST_raw	B	0.95	0.95	285	2.9338568698359038	2.2042176128234883	0.0024030817164966134	39.125	-0.7296392570124155	0.5323734453736297	TRUE	FALSE	FALSE
ARREST_raw	B	0.95	0.95	286	2.9338568698359038	1.236762627148927	0.07282967721432321	39.125	-1.6970942426869768	2.8801288685612834	FALSE	FALSE	FALSE
ARREST_raw	B	0.95	0.95	287	2.9338568698359038	2.2732707053239736	0.009115811160426701	39.125	-0.6605861645119302	0.4363740807445829	TRUE	FALSE	FALSE
ARREST_raw	B	0.95	0.95	288	2.9338568698359038	1.3762440252663883	0.14781496613935363	39.125	-1.5576128445695154	2.4261577735679376	FALSE	FALSE	FALSE
ARREST_raw	B	0.95	0.95	289	2.9338568698359038	1.3819994368370099	0.04808704458847224	39.125	-1.551857432998894	2.4082614923539163	TRUE	FALSE	FALSE
ARREST_raw	B	0.95	0.95	290	2.9338568698359038	1.8949437054392968	0.010636380151007097	39.125	-1.038913164396607	1.0793405631565713	TRUE	FALSE	FALSE
ARREST_raw	B	0.95	0.95	291	2.9338568698359038	1.637281938605147	0.03801919614669225	39.125	-1.2965749312307568	1.6811065522960418	TRUE	FALSE	FALSE
ARREST_raw	B	0.95	0.95	292	2.9338568698359038	1.5816261546498598	0.018188522407508234	39.125	-1.352230715186044	1.82852790709256	TRUE	FALSE	FALSE
ARREST_raw	B	0.95	0.95	293	2.9338568698359038	0.725937003382932	0.4692473676612863	39.125	-2.207919866452972	4.87491013667771	FALSE	FALSE	FALSE
ARREST_raw	B	0.95	0.95	294	2.9338568698359038	2.4397862145045726	6.268849072383897e-4	39.125	-0.4940706553313312	0.24410581245953109	TRUE	FALSE	FALSE
ARREST_raw	B	0.95	0.95	295	2.9338568698359038	2.842581094059816	1.1424454803732331e-4	39.125	-0.09127577577608781	0.008331267243526659	TRUE	FALSE	FALSE
ARREST_raw	B	0.95	0.95	296	2.9338568698359038	1.845826690498326	0.00807330209305357	39.125	-1.0880301793375777	1.1838096711493615	TRUE	FALSE	FALSE
ARREST_raw	B	0.95	0.95	297	2.9338568698359038	2.1990007767374755	0.0015180777739500773	39.125	-0.7348560930984283	0.5400134775638858	TRUE	FALSE	FALSE
ARREST_raw	B	0.95	0.95	298	2.9338568698359038	2.265781624017841	5.635412744374735e-4	39.125	-0.6680752458180628	0.446324534074865	TRUE	FALSE	FALSE
ARREST_raw	B	0.95	0.95	299	2.9338568698359038	-0.05884050002293392	0.9434968008432286	39.125	-2.9926973698588375	8.956237547560004	FALSE	TRUE	FALSE
ARREST_raw	B	0.95	0.95	300	2.9338568698359038	2.0976088456352775	0.014602149171386136	39.125	-0.8362480242006263	0.6993107579794512	TRUE	FALSE	FALSE
ARREST_raw	B	0.95	0.95	301	2.9338568698359038	3.0927245395412992	0.0031276149931865893	39.125	0.15886766970539545	0.025238936477622625	TRUE	FALSE	FALSE
ARREST_raw	B	0.95	0.95	302	2.9338568698359038	1.6424987746949884	0.025413157154891786	39.125	-1.2913580951409154	1.6676057298859734	TRUE	FALSE	FALSE
ARREST_raw	B	0.95	0.95	303	2.9338568698359038	2.762818930643976	7.134124367235151e-4	39.125	-0.1710379391919279	0.029253976643021623	TRUE	FALSE	FALSE
ARREST_raw	B	0.95	0.95	304	2.9338568698359038	2.1615064947341405	3.6409185933028443e-4	39.125	-0.7723503751017633	0.5965251019198344	TRUE	FALSE	FALSE
ARREST_raw	B	0.95	0.95	305	2.9338568698359038	3.9248811603715095	5.7019486772724726e-5	39.125	0.9910242905356057	0.9821291444316006	TRUE	FALSE	FALSE
ARREST_raw	B	0.95	0.95	306	2.9338568698359038	2.516994964339499	0.0016438344106708414	39.125	-0.4168619054964049	0.17377384825409362	TRUE	FALSE	FALSE
ARREST_raw	B	0.95	0.95	307	2.9338568698359038	2.605155777939576	0.0010677047208473844	39.125	-0.32870109189632757	0.10804440781383798	TRUE	FALSE	FALSE
ARREST_raw	B	0.95	0.95	308	2.9338568698359038	2.5360456112791883	8.530116147177358e-4	39.125	-0.3978112585567155	0.15825379743447796	TRUE	FALSE	FALSE
ARREST_raw	B	0.95	0.95	309	2.9338568698359038	3.40553578326075	7.202904430098078e-4	39.125	0.47167891342484625	0.2224809973696436	TRUE	FALSE	FALSE
ARREST_raw	B	0.95	0.95	310	2.9338568698359038	1.475089859903022	0.05859740327129437	39.125	-1.4587670099328818	2.1280011892685202	FALSE	FALSE	FALSE
ARREST_raw	B	0.95	0.95	311	2.9338568698359038	3.718693716824368	1.4420152067495806e-4	39.125	0.7848368469884641	0.6159688763907939	TRUE	FALSE	FALSE
ARREST_raw	B	0.95	0.95	312	2.9338568698359038	3.4965075614664793	8.09131005981345e-4	39.125	0.5626506916305756	0.316575800792365	TRUE	FALSE	FALSE
ARREST_raw	B	0.95	0.95	313	2.9338568698359038	1.9886798254430356	0.008284386963708035	39.125	-0.9451770443928682	0.893359645247238	TRUE	FALSE	FALSE
ARREST_raw	B	0.95	0.95	314	2.9338568698359038	3.0424037928631376	1.2096599516298046e-4	39.125	0.10854692302723379	0.011782434498680217	TRUE	FALSE	FALSE
ARREST_raw	B	0.95	0.95	315	2.9338568698359038	2.5239879998304713	0.0014361622071296098	39.125	-0.4098688700054325	0.16799249059953011	TRUE	FALSE	FALSE
ARREST_raw	B	0.95	0.95	316	2.9338568698359038	2.101563458766719	0.004156989190922333	39.125	-0.8322934110691849	0.6927123221091791	TRUE	FALSE	FALSE
ARREST_raw	B	0.95	0.95	317	2.9338568698359038	1.413693335308005	0.04185747793053085	39.125	-1.5201635345278988	2.310897171708354	TRUE	FALSE	FALSE
ARREST_raw	B	0.95	0.95	318	2.9338568698359038	2.1041341542701755	0.0025892788069379336	39.125	-0.8297227155657283	0.6884397847257665	TRUE	FALSE	FALSE
ARREST_raw	B	0.95	0.95	319	2.9338568698359038	2.2397309762054185	0.005124348028243797	39.125	-0.6941258936304853	0.48181075620831976	TRUE	FALSE	FALSE
ARREST_raw	B	0.95	0.95	320	2.9338568698359038	2.9397496388026667	1.235015113285609e-4	39.125	0.00589276896676294	3.4724726095644366e-5	TRUE	FALSE	FALSE
ARREST_raw	B	0.95	0.95	321	2.9338568698359038	1.7960978708266297	0.014539461676156606	39.125	-1.137758999009274	1.2944955398265852	TRUE	FALSE	FALSE
ARREST_raw	B	0.95	0.95	322	2.9338568698359038	0.53714293208336406	0.4637898966803098	39.125	-2.3967139377525397	5.744237699417285	FALSE	FALSE	FALSE
ARREST_raw	B	0.95	0.95	323	2.9338568698359038	2.5554368005888737	5.323735802851282e-4	39.125	-0.3784200692470301	0.14320174880892705	TRUE	FALSE	FALSE
ARREST_raw	B	0.95	0.95	324	2.9338568698359038	2.2951893910292034	0.0013245738573688381	39.125	-0.6386674788067004	0.4078961484853071	TRUE	FALSE	FALSE
ARREST_raw	B	0.95	0.95	325	2.9338568698359038	1.9951003932443931	0.0034529138715384544	39.125	-0.9387564765915106	0.8812637223425074	TRUE	FALSE	FALSE
ARREST_raw	B	0.95	0.95	326	2.9338568698359038	2.5360456112791874	0.029190958113941567	39.125	-0.3978112585567164	0.15825379743447868	TRUE	FALSE	FALSE
ARREST_raw	B	0.95	0.95	327	2.9338568698359038	1.8003643164117522	0.01293975086864907	39.125	-1.1334925534241516	1.284805368668003	TRUE	FALSE	FALSE
ARREST_raw	B	0.95	0.95	328	2.9338568698359038	1.1519957492279846	0.07786343331721901	39.125	-1.7818611206079191	3.1750290531341094	FALSE	FALSE	FALSE
ARREST_raw	B	0.95	0.95	329	2.9338568698359038	1.774367726485327	0.03538620547540827	39.125	-1.1594891433505767	1.3444150735478544	TRUE	FALSE	FALSE
ARREST_raw	B	0.95	0.95	330	2.9338568698359038	3.4817704526469777	3.149445961398989e-4	39.125	0.5479135828110739	0.3002092942288676	TRUE	FALSE	FALSE
ARREST_raw	B	0.95	0.95	331	2.9338568698359038	1.574613936562395	0.01418506067662717	39.125	-1.3592429332735088	1.8475413516539723	TRUE	FALSE	FALSE
ARREST_raw	B	0.95	0.95	332	2.9338568698359038	0.48628451484987284	0.45907283011594047	39.125	-2.447572354986031	5.990610432891865	FALSE	FALSE	FALSE
ARREST_raw	B	0.95	0.95	333	2.9338568698359038	1.088903474541149	0.11362951557545731	39.125	-1.8449533952947548	3.4038530308096435	FALSE	FALSE	FALSE
ARREST_raw	B	0.95	0.95	334	2.9338568698359038	3.5240955179852906	3.740541263064223e-6	39.125	0.5902386481493869	0.3483816617692157	TRUE	FALSE	FALSE
ARREST_raw	B	0.95	0.95	335	2.9338568698359038	0.058840500024051924	0.9324161042635972	39.125	-2.875016369811852	8.265719126686118	FALSE	FALSE	FALSE
ARREST_raw	B	0.95	0.95	336	2.9338568698359038	1.4596256342054166	0.060855871422008434	39.125	-1.4742312356304872	2.173357736108593	FALSE	FALSE	FALSE
ARREST_raw	B	0.95	0.95	337	2.9338568698359038	2.6310891599557547	0.0015044999799664893	39.125	-0.3027677098801491	0.09166828614607014	TRUE	FALSE	FALSE
ARREST_raw	B	0.95	0.95	338	2.9338568698359038	2.012601523549735	0.0031551211603959572	39.125	-0.9212553462861686	0.8487114130608484	TRUE	FALSE	FALSE
ARREST_raw	B	0.95	0.95	339	2.9338568698359038	2.4812768817371746	0.0026561940912587234	39.125	-0.4525799880987291	0.2048286456274458	TRUE	FALSE	FALSE
ARREST_raw	B	0.95	0.95	340	2.9338568698359038	0.9734491457141039	0.16117595550181707	39.125	-1.9604077241217999	3.843198444796415	FALSE	FALSE	FALSE
ARREST_raw	B	0.95	0.95	341	2.9338568698359038	3.5818836151152684	7.666414733249471e-4	39.125	0.6480267452793647	0.41993866259736656	TRUE	FALSE	FALSE
ARREST_raw	B	0.95	0.95	342	2.9338568698359038	3.0424037928631376	1.2096599516298046e-4	39.125	0.10854692302723379	0.011782434498680217	TRUE	FALSE	FALSE
ARREST_raw	B	0.95	0.95	343	2.9338568698359038	0.7990957585693259	0.3895286084086631	39.125	-2.134761111266578	4.557205002176114	FALSE	FALSE	FALSE
ARREST_raw	B	0.95	0.95	344	2.9338568698359038	4.043051267834547	5.552421246268757e-5	39.125	1.109194397998643	1.230312212551572	TRUE	FALSE	FALSE
ARREST_raw	B	0.95	0.95	345	2.9338568698359038	1.641510632318393	0.027052915208611972	39.125	-1.2923462375175108	1.6701587976256664	TRUE	FALSE	FALSE
ARREST_raw	B	0.95	0.95	346	2.9338568698359038	0.8873031950009029	0.20591495214511435	39.125	-2.0465536748350006	4.188381943980645	FALSE	FALSE	FALSE
ARREST_raw	B	0.95	0.95	347	2.9338568698359038	1.6714733033535207	0.03764066633076535	39.125	-1.262383566482383	1.5936122689247811	TRUE	FALSE	FALSE
ARREST_raw	B	0.95	0.95	348	2.9338568698359038	0.43441615462398964	0.5405000910296329	39.125	-2.499440715211914	6.247203888859044	FALSE	FALSE	FALSE
ARREST_raw	B	0.95	0.95	349	2.9338568698359038	2.4503152050183816	3.641192136377702e-4	39.125	-0.48354166481752214	0.23381254161450093	TRUE	FALSE	FALSE
ARREST_raw	B	0.95	0.95	350	2.9338568698359038	2.5690987409908876	0.01833677807450762	39.125	-0.3647581288450161	0.1330484925585174	TRUE	FALSE	FALSE
ARREST_raw	B	0.95	0.95	351	2.9338568698359038	0.32277339225315993	0.7068450070607697	39.125	-2.611083477582744	6.817756926905595	FALSE	FALSE	FALSE
ARREST_raw	B	0.95	0.95	352	2.9338568698359038	3.30477547300514	3.8548007536665096e-05	39.125	0.3709186031692364	0.13758061017701748	TRUE	FALSE	FALSE
ARREST_raw	B	0.95	0.95	353	2.9338568698359038	3.8501476017099474	4.4801993202558954e-5	39.125	0.9162907318740436	0.8395887053182706	TRUE	FALSE	FALSE
ARREST_raw	B	0.95	0.95	354	2.9338568698359038	0.8167611365271221	0.29149673928528486	39.125	-2.1170957333087816	4.482094343994248	FALSE	FALSE	FALSE
ARREST_raw	B	0.95	0.95	355	2.9338568698359038	1.8792187745566407	0.022297581957743895	39.125	-1.054638095279263	1.112261512014272	TRUE	FALSE	FALSE
ARREST_raw	B	0.95	0.95	356	2.9338568698359038	4.394449154672438	2.8780086935853433e-6	39.125	1.4605922848365345	2.1333298225240083	TRUE	FALSE	FALSE
ARREST_raw	B	0.95	0.95	357	2.9338568698359038	1.887069649032356	0.010559603209726376	39.125	-1.0467872208035478	1.0957634856376155	TRUE	FALSE	FALSE
ARREST_raw	B	0.95	0.95	358	2.9338568698359038	1.9631519554885526	0.006589664856082478	39.125	-0.9707049143473512	0.9422680307380984	TRUE	FALSE	FALSE
ARREST_raw	B	0.95	0.95	359	2.9338568698359038	3.6635616461296463	1.743198332027074e-5	39.125	0.7297047762937425	0.5324690605459008	TRUE	FALSE	FALSE
ARREST_raw	B	0.95	0.95	360	2.9338568698359038	1.1618744854460765	0.07971260362468291	39.125	-1.7719823843898272	3.1399215705878576	FALSE	FALSE	FALSE
ARREST_raw	B	0.95	0.95	361	2.9338568698359038	2.637468766929733	0.0010688958428860529	39.125	-0.29638810290617057	0.08784590754431876	TRUE	FALSE	FALSE
ARREST_raw	B	0.95	0.95	362	2.9338568698359038	0.9873866535578854	0.19268748336591135	39.125	-1.9464702162780183	3.7887463028573953	FALSE	FALSE	FALSE
ARREST_raw	B	0.95	0.95	363	2.9338568698359038	1.4408984951547423	0.03972898284771009	39.125	-1.4929583746811614	2.228924708530615	TRUE	FALSE	FALSE
ARREST_raw	B	0.95	0.95	364	2.9338568698359038	1.6513288541415687	0.00868164591533438	39.125	-1.282528015694335	1.6448781110408486	TRUE	FALSE	FALSE
ARREST_raw	B	0.95	0.95	365	2.9338568698359038	1.9989026791925928	0.004220545144582477	39.125	-0.934954190643311	0.8741393386014887	TRUE	FALSE	FALSE
ARREST_raw	B	0.95	0.95	366	2.9338568698359038	3.430184918535405	0.001006174731988163	39.125	0.4963280486995014	0.24634153192585465	TRUE	FALSE	FALSE
ARREST_raw	B	0.95	0.95	367	2.9338568698359038	1.2635421027501956	0.09552857859943265	39.125	-1.6703147670857081	2.7899514211445835	FALSE	FALSE	FALSE
ARREST_raw	B	0.95	0.95	368	2.9338568698359038	2.4534651239531815	3.0702080971012347e-4	39.125	-0.48039174588272227	0.23077622951225	TRUE	FALSE	FALSE
ARREST_raw	B	0.95	0.95	369	2.9338568698359038	0.5995263941826418	0.40767782463516433	39.125	-2.334330475653262	5.449098769563585	FALSE	FALSE	FALSE
ARREST_raw	B	0.95	0.95	370	2.9338568698359038	3.4987497148720546	3.841059109153111e-4	39.125	0.5648928450361508	0.31910392637303664	TRUE	FALSE	FALSE
ARREST_raw	B	0.95	0.95	371	2.9338568698359038	2.1759471788846247	0.0024806351003923144	39.125	-0.757909690951279	0.5744270996378633	TRUE	FALSE	FALSE
ARREST_raw	B	0.95	0.95	372	2.9338568698359038	2.6034156382892224	0.002566679900899649	39.125	-0.33044123154668137	0.1091914075060875	TRUE	FALSE	FALSE
ARREST_raw	B	0.95	0.95	373	2.9338568698359038	1.3896221512027436	0.13186342755137315	39.125	-1.5442347186331602	2.3846608662320357	FALSE	FALSE	FALSE
ARREST_raw	B	0.95	0.95	374	2.9338568698359038	3.6635616461296436	7.31428314343141e-4	39.125	0.7297047762937399	0.5324690605458969	TRUE	FALSE	FALSE
ARREST_raw	B	0.95	0.95	375	2.9338568698359038	0.839101093183025	0.25726992838557683	39.125	-2.094755776652879	4.388001763820607	FALSE	FALSE	FALSE
ARREST_raw	B	0.95	0.95	376	2.9338568698359038	2.1972245773122308	0.001735412373245926	39.125	-0.736632292523673	0.5426271343886822	TRUE	FALSE	FALSE
ARREST_raw	B	0.95	0.95	377	2.9338568698359038	3.8136555252612845	9.240686024036826e-5	39.125	0.8797986554253807	0.7740456740883078	TRUE	FALSE	FALSE
ARREST_raw	B	0.95	0.95	378	2.9338568698359038	1.0806745879814428	0.10723403224731065	39.125	-1.853182281854461	3.4342845697793067	FALSE	FALSE	FALSE
ARREST_raw	B	0.95	0.95	379	2.9338568698359038	2.477098467340189	8.510151403685606e-4	39.125	-0.45675840249571475	0.20862823825043736	TRUE	FALSE	FALSE
ARREST_raw	B	0.95	0.95	380	2.9338568698359038	2.5625043684684687	0.0014536289920019652	39.125	-0.37135250136743503	0.13790268027185085	TRUE	FALSE	FALSE
ARREST_raw	B	0.95	0.95	381	2.9338568698359038	3.2157336384651276	1.7431780358290183e-5	39.125	0.28187676862922384	0.07945451269285299	TRUE	FALSE	FALSE
ARREST_raw	B	0.95	0.95	382	2.9338568698359038	2.268683541318364	0.008326234865615456	39.125	-0.6651733285175396	0.4424555569711027	TRUE	FALSE	FALSE
ARREST_raw	B	0.95	0.95	383	2.9338568698359038	2.4910282255288303	3.042584397765502e-4	39.125	-0.44282864430707347	0.1960972082188406	TRUE	FALSE	FALSE
ARREST_raw	B	0.95	0.95	384	2.9338568698359038	3.6449275665847507	1.2801066063039546e-4	39.125	0.7110706967488469	0.5056215357748907	TRUE	FALSE	FALSE
ARREST_raw	B	0.95	0.95	385	2.9338568698359038	3.83873520965831	1.6344786593147642e-4	39.125	0.9048783398224063	0.8188048098797542	TRUE	FALSE	FALSE
ARREST_raw	B	0.95	0.95	386	2.9338568698359038	3.0945328582980842	1.3462815086373592e-4	39.125	0.16067598846218045	0.025816773268298746	TRUE	FALSE	FALSE
ARREST_raw	B	0.95	0.95	387	2.9338568698359038	2.4133594984959523	5.340281377420597e-4	39.125	-0.5204973713399514	0.27091751357179933	TRUE	FALSE	FALSE
ARREST_raw	B	0.95	0.95	388	2.9338568698359038	1.6461925330921883	0.010626717363995453	39.125	-1.2876643367437155	1.6580794441216327	TRUE	FALSE	FALSE
ARREST_raw	B	0.95	0.95	389	2.9338568698359038	2.143520398364358	0.01471712351366039	39.125	-0.7903364714715457	0.6246317381380935	TRUE	FALSE	FALSE
ARREST_raw	B	0.95	0.95	390	2.9338568698359038	1.1561821404883208	0.15419372676100784	39.125	-1.777674729347583	3.1601274433610023	FALSE	FALSE	FALSE
ARREST_raw	B	0.95	0.95	391	2.9338568698359038	1.9789710113162013	0.0019084838554593864	39.125	-0.9548858585197024	0.9118070028009092	TRUE	FALSE	FALSE
ARREST_raw	B	0.95	0.95	392	2.9338568698359038	1.9256562921495193	0.02863304007416234	39.125	-1.0082005776863845	1.0164684048471595	TRUE	FALSE	FALSE
ARREST_raw	B	0.95	0.95	393	2.9338568698359038	3.7283091755238074	8.652845434087286e-5	39.125	0.7944523056879036	0.6311544660128262	TRUE	FALSE	FALSE
ARREST_raw	B	0.95	0.95	394	2.9338568698359038	2.477098467340189	8.510151403685606e-4	39.125	-0.45675840249571475	0.20862823825043736	TRUE	FALSE	FALSE
ARREST_raw	B	0.95	0.95	395	2.9338568698359038	1.8188613990058464	0.014903327658441823	39.125	-1.1149954708300573	1.2432148999715413	TRUE	FALSE	FALSE
ARREST_raw	B	0.95	0.95	396	2.9338568698359038	2.624668592163159	0.0015737151918547854	39.125	-0.3091882776727446	0.0955973910502382	TRUE	FALSE	FALSE
ARREST_raw	B	0.95	0.95	397	2.9338568698359038	2.4784757594562645	8.904065507602255e-4	39.125	-0.45538111037963924	0.2073719556905932	TRUE	FALSE	FALSE
ARREST_raw	B	0.95	0.95	398	2.9338568698359038	3.496507561466477	5.031454225836729e-4	39.125	0.5626506916305734	0.3165758007923625	TRUE	FALSE	FALSE
ARREST_raw	B	0.95	0.95	399	2.9338568698359038	2.2235418856535927	0.006050304175803212	39.125	-0.7103149841823111	0.5045473767539168	TRUE	FALSE	FALSE
ARREST_raw	B	0.95	0.95	400	2.9338568698359038	1.9691670112195763	0.009292224320900155	39.125	-0.9646898586163275	0.93062652331719	TRUE	FALSE	FALSE
