scenario_id	scenario_name	test_type	target_group	sensitivity	specificity	sim_id	true_beta	empirical_beta	p_value	n_enrolled	bias	mse	significant	wrong_direction	significant_wrong
4	ARREST	Perfect (100%)	E	1	1	1	-1.2039728043259361	-1.699820208193741	6.387539803729414e-4	2595.64	-0.4958474038678049	0.24586464792244203	TRUE	FALSE	FALSE
4	ARREST	Perfect (100%)	E	1	1	2	-1.2039728043259361	-1.4507513905436056	5.662889823008221e-4	2595.64	-0.24677858621766946	0.06089967061559172	TRUE	FALSE	FALSE
4	ARREST	Perfect (100%)	E	1	1	3	-1.2039728043259361	-1.620797890895767	2.5228116670716894e-4	2595.64	-0.41682508656983086	0.173743152793947	TRUE	FALSE	FALSE
4	ARREST	Perfect (100%)	E	1	1	4	-1.2039728043259361	-1.6588938736992058	8.900040404871135e-4	2595.64	-0.4549210693732697	0.20695317935971927	TRUE	FALSE	FALSE
4	ARREST	Perfect (100%)	E	1	1	5	-1.2039728043259361	-1.7091110724926688	5.223840512150746e-4	2595.64	-0.5051382681667327	0.25516466996648596	TRUE	FALSE	FALSE
4	ARREST	Perfect (100%)	E	1	1	6	-1.2039728043259361	-1.3677015280425546	0.011289015462612628	2595.64	-0.1637287237166185	0.026807094969872797	TRUE	FALSE	FALSE
4	ARREST	Perfect (100%)	E	1	1	7	-1.2039728043259361	-0.7426062833739167	0.08166887678865697	2595.64	0.46136652095201947	0.21285906665537022	FALSE	FALSE	FALSE
4	ARREST	Perfect (100%)	E	1	1	8	-1.2039728043259361	-2.1478224350676296	3.210533730635401e-5	2595.64	-0.9438496307416935	0.8908521254512312	TRUE	FALSE	FALSE
4	ARREST	Perfect (100%)	E	1	1	9	-1.2039728043259361	-0.6693253304008963	0.12237457686651998	2595.64	0.5346474739250399	0.28584792137442616	FALSE	FALSE	FALSE
4	ARREST	Perfect (100%)	E	1	1	10	-1.2039728043259361	-1.4046417985798039	0.0011960962912348494	2595.64	-0.20066899425386775	0.04026804525485881	TRUE	FALSE	FALSE
4	ARREST	Perfect (100%)	E	1	1	11	-1.2039728043259361	-1.3470518012649126	0.0046827464530783125	2595.64	-0.14307899693897652	0.020471599365063653	TRUE	FALSE	FALSE
4	ARREST	Perfect (100%)	E	1	1	12	-1.2039728043259361	-2.4304539490228625	6.916282991875633e-7	2595.64	-1.2264811446969264	1.504255998297083	TRUE	FALSE	FALSE
4	ARREST	Perfect (100%)	E	1	1	13	-1.2039728043259361	-1.1751011635158468	0.0025511011091019498	2595.64	0.028871640810089305	8.335716430668143e-4	TRUE	FALSE	FALSE
4	ARREST	Perfect (100%)	E	1	1	14	-1.2039728043259361	-1.5171137729304855	9.098032038593606e-4	2595.64	-0.31314096860454943	0.09805726621859541	TRUE	FALSE	FALSE
4	ARREST	Perfect (100%)	E	1	1	15	-1.2039728043259361	-1.5069233140541365	0.0038434683548885795	2595.64	-0.30295050972820037	0.09177901134457643	TRUE	FALSE	FALSE
4	ARREST	Perfect (100%)	E	1	1	16	-1.2039728043259361	-1.0566238943687736	0.0033107276552247766	2595.64	0.14734890995716254	0.021711701265563994	TRUE	FALSE	FALSE
4	ARREST	Perfect (100%)	E	1	1	17	-1.2039728043259361	-0.9760583194500783	0.03711511871491313	2595.64	0.22791448487585786	0.05194501241622764	TRUE	FALSE	FALSE
4	ARREST	Perfect (100%)	E	1	1	18	-1.2039728043259361	-0.956308257791479	0.019266420142553642	2595.64	0.24766454653445713	0.061337727610118284	TRUE	FALSE	FALSE
4	ARREST	Perfect (100%)	E	1	1	19	-1.2039728043259361	-1.496397829608561	0.004116536579376495	2595.64	-0.2924250252826248	0.08551239541154376	TRUE	FALSE	FALSE
4	ARREST	Perfect (100%)	E	1	1	20	-1.2039728043259361	-1.0389569241822305	0.01074229048705544	2595.64	0.1650158801437056	0.027230240699601813	TRUE	FALSE	FALSE
4	ARREST	Perfect (100%)	E	1	1	21	-1.2039728043259361	-0.8830020797089535	0.03516381004001845	2595.64	0.3209707246169826	0.1030222060611509	TRUE	FALSE	FALSE
4	ARREST	Perfect (100%)	E	1	1	22	-1.2039728043259361	-1.542150328220736	7.338350446554065e-4	2595.64	-0.33817752389479994	0.11436403766761798	TRUE	FALSE	FALSE
4	ARREST	Perfect (100%)	E	1	1	23	-1.2039728043259361	-2.018268117837944	8.240434305140099e-6	2595.64	-0.8142953135120077	0.6630768576076189	TRUE	FALSE	FALSE
4	ARREST	Perfect (100%)	E	1	1	24	-1.2039728043259361	-1.0048119671136404	0.008511095227488719	2595.64	0.19916083721229572	0.03966503907910256	TRUE	FALSE	FALSE
4	ARREST	Perfect (100%)	E	1	1	25	-1.2039728043259361	-0.876215188527608	0.018445014159054418	2595.64	0.3277576157983281	0.10742505471380444	TRUE	FALSE	FALSE
4	ARREST	Perfect (100%)	E	1	1	26	-1.2039728043259361	-1.3968184977555507	0.02885507865718895	2595.64	-0.19284569342961455	0.03718946147434888	TRUE	FALSE	FALSE
4	ARREST	Perfect (100%)	E	1	1	27	-1.2039728043259361	-0.9480810031810943	0.0315520688468488	2595.64	0.2558918011448418	0.06548061389315125	TRUE	FALSE	FALSE
4	ARREST	Perfect (100%)	E	1	1	28	-1.2039728043259361	-0.7721578031753104	0.05442803357741233	2595.64	0.43181500115062577	0.18646419521871493	FALSE	FALSE	FALSE
4	ARREST	Perfect (100%)	E	1	1	29	-1.2039728043259361	-1.7630729994616077	2.883565450307879e-4	2595.64	-0.5591001951356716	0.312593028200746	TRUE	FALSE	FALSE
4	ARREST	Perfect (100%)	E	1	1	30	-1.2039728043259361	-1.5004356842198658	0.001171585013876042	2595.64	-0.2964628798939297	0.0878902391550026	TRUE	FALSE	FALSE
4	ARREST	Perfect (100%)	E	1	1	31	-1.2039728043259361	-1.3344154029284432	0.005650067709450424	2595.64	-0.13044259860250706	0.017015271530174778	TRUE	FALSE	FALSE
4	ARREST	Perfect (100%)	E	1	1	32	-1.2039728043259361	-2.4506957393585833	7.61077569957358e-5	2595.64	-1.2467229350326472	1.5543180767364182	TRUE	FALSE	FALSE
4	ARREST	Perfect (100%)	E	1	1	33	-1.2039728043259361	-2.4549075353980987	3.6312928719528514e-7	2595.64	-1.2509347310721626	1.5648377014025836	TRUE	FALSE	FALSE
4	ARREST	Perfect (100%)	E	1	1	34	-1.2039728043259361	-1.0041578579429502	0.022506247028937998	2595.64	0.19981494638298591	0.03992601279803554	TRUE	FALSE	FALSE
4	ARREST	Perfect (100%)	E	1	1	35	-1.2039728043259361	-2.5442699912776803	2.8729334475730006e-5	2595.64	-1.3402971869517442	1.7963965493507585	TRUE	FALSE	FALSE
4	ARREST	Perfect (100%)	E	1	1	36	-1.2039728043259361	-0.41985384556025956	0.26619907856967384	2595.64	0.7841189587656765	0.6148425414957687	FALSE	FALSE	FALSE
4	ARREST	Perfect (100%)	E	1	1	37	-1.2039728043259361	-0.91048632499598	0.021217531758397135	2595.64	0.2934864793299561	0.08613431354949275	TRUE	FALSE	FALSE
4	ARREST	Perfect (100%)	E	1	1	38	-1.2039728043259361	-1.3280593871987625	0.014099000348804291	2595.64	-0.12408658287282637	0.015397480049054805	TRUE	FALSE	FALSE
4	ARREST	Perfect (100%)	E	1	1	39	-1.2039728043259361	-0.9707283200080808	0.011923269429711558	2595.64	0.23324448431785527	0.054402989464702234	TRUE	FALSE	FALSE
4	ARREST	Perfect (100%)	E	1	1	40	-1.2039728043259361	-1.4181719164103683	0.0027953902216293347	2595.64	-0.2141991120844322	0.04588125961775915	TRUE	FALSE	FALSE
4	ARREST	Perfect (100%)	E	1	1	41	-1.2039728043259361	-2.2191089989771235	1.5420539509869435e-5	2595.64	-1.0151361946511874	1.0305014936908934	TRUE	FALSE	FALSE
4	ARREST	Perfect (100%)	E	1	1	42	-1.2039728043259361	-1.8557580173511523	1.0174615232894091e-5	2595.64	-0.6517852130252162	0.42482396391832644	TRUE	FALSE	FALSE
4	ARREST	Perfect (100%)	E	1	1	43	-1.2039728043259361	-2.1087835233584	6.2361245099396e-5	2595.64	-0.9048107190324639	0.8186824372760444	TRUE	FALSE	FALSE
4	ARREST	Perfect (100%)	E	1	1	44	-1.2039728043259361	-0.9686018351009127	0.04139146318412745	2595.64	0.23537096922502343	0.05539949315392693	TRUE	FALSE	FALSE
4	ARREST	Perfect (100%)	E	1	1	45	-1.2039728043259361	-1.8242219203247634	1.4396792014226278e-4	2595.64	-0.6202491159988273	0.38470896589732667	TRUE	FALSE	FALSE
4	ARREST	Perfect (100%)	E	1	1	46	-1.2039728043259361	-0.9670187098723537	0.038981394621951604	2595.64	0.2369540944535824	0.056147242878317245	TRUE	FALSE	FALSE
4	ARREST	Perfect (100%)	E	1	1	47	-1.2039728043259361	-1.1774397344490066	0.016749771008771397	2595.64	0.026533069876929494	7.040037970940233e-4	TRUE	FALSE	FALSE
4	ARREST	Perfect (100%)	E	1	1	48	-1.2039728043259361	-1.2660652206677747	0.008895169795574032	2595.64	-0.0620924163418386	0.003855468167168225	TRUE	FALSE	FALSE
4	ARREST	Perfect (100%)	E	1	1	49	-1.2039728043259361	-1.1663390437824552	0.004815927095789596	2595.64	0.03763376054348089	0.0014162999326440588	TRUE	FALSE	FALSE
4	ARREST	Perfect (100%)	E	1	1	50	-1.2039728043259361	-1.6866503993834943	7.108203596295493e-4	2595.64	-0.48267759505755814	0.23297766077054807	TRUE	FALSE	FALSE
4	ARREST	Perfect (100%)	E	1	1	51	-1.2039728043259361	-1.4586622956297872	0.0014884479313391763	2595.64	-0.2546894913038511	0.06486673698061445	TRUE	FALSE	FALSE
4	ARREST	Perfect (100%)	E	1	1	52	-1.2039728043259361	-1.4035310865504915	0.0010824200627380653	2595.64	-0.1995582822245554	0.03982350800441531	TRUE	FALSE	FALSE
4	ARREST	Perfect (100%)	E	1	1	53	-1.2039728043259361	-1.4172663302131403	9.575099560065192e-4	2595.64	-0.21329352588720418	0.045494128185395444	TRUE	FALSE	FALSE
4	ARREST	Perfect (100%)	E	1	1	54	-1.2039728043259361	-1.0837586921480977	0.006009762812810515	2595.64	0.1202141121778384	0.014451432766705914	TRUE	FALSE	FALSE
4	ARREST	Perfect (100%)	E	1	1	55	-1.2039728043259361	-1.5087689155139163	3.224178278857792e-4	2595.64	-0.3047961111879802	0.0929006693953156	TRUE	FALSE	FALSE
4	ARREST	Perfect (100%)	E	1	1	56	-1.2039728043259361	-1.3581876154942019	0.0035874449345869586	2595.64	-0.15421481116826574	0.023782207983663862	TRUE	FALSE	FALSE
4	ARREST	Perfect (100%)	E	1	1	57	-1.2039728043259361	-1.92494371391073	4.0154943407366694e-5	2595.64	-0.7209709095847938	0.5197990524675249	TRUE	FALSE	FALSE
4	ARREST	Perfect (100%)	E	1	1	58	-1.2039728043259361	-0.989881777249381	0.03695570761910294	2595.64	0.21409102707655514	0.045834967874694266	TRUE	FALSE	FALSE
4	ARREST	Perfect (100%)	E	1	1	59	-1.2039728043259361	-1.1302773630883152	0.00816972642245073	2595.64	0.07369544123762095	0.005431018059207642	TRUE	FALSE	FALSE
4	ARREST	Perfect (100%)	E	1	1	60	-1.2039728043259361	-2.5759861269622712	1.813465630595701e-5	2595.64	-1.3720133226363351	1.8824205574915962	TRUE	FALSE	FALSE
4	ARREST	Perfect (100%)	E	1	1	61	-1.2039728043259361	-0.9004431612732071	0.022714951040469167	2595.64	0.303529643052729	0.09213024421171707	TRUE	FALSE	FALSE
4	ARREST	Perfect (100%)	E	1	1	62	-1.2039728043259361	-1.5900273651268086	0.0017024391176972964	2595.64	-0.3860545608008725	0.14903812391515459	TRUE	FALSE	FALSE
4	ARREST	Perfect (100%)	E	1	1	63	-1.2039728043259361	-1.1032366032627776	0.017856505124574817	2595.64	0.1007362010631585	0.010147782204637096	TRUE	FALSE	FALSE
4	ARREST	Perfect (100%)	E	1	1	64	-1.2039728043259361	-1.0815112112099323	0.010672883463455851	2595.64	0.1224615931160038	0.01499684178850967	TRUE	FALSE	FALSE
4	ARREST	Perfect (100%)	E	1	1	65	-1.2039728043259361	-1.7140785507420624	5.683323989736921e-4	2595.64	-0.5101057464161263	0.2602078725267533	TRUE	FALSE	FALSE
4	ARREST	Perfect (100%)	E	1	1	66	-1.2039728043259361	-1.4981226904121516	0.0011941884474757636	2595.64	-0.2941498860862155	0.08652415548453356	TRUE	FALSE	FALSE
4	ARREST	Perfect (100%)	E	1	1	67	-1.2039728043259361	-0.695020509057007	0.11367418917113892	2595.64	0.5089522952689292	0.25903243885951127	FALSE	FALSE	FALSE
4	ARREST	Perfect (100%)	E	1	1	68	-1.2039728043259361	-1.380621292906653	0.0013233121024045502	2595.64	-0.1766484885807169	0.031204688517851673	TRUE	FALSE	FALSE
4	ARREST	Perfect (100%)	E	1	1	69	-1.2039728043259361	-1.243562485183333	5.038168305445678e-4	2595.64	-0.03958968085739678	0.0015673428303905291	TRUE	FALSE	FALSE
4	ARREST	Perfect (100%)	E	1	1	70	-1.2039728043259361	-0.624749733673515	0.18662586552345872	2595.64	0.5792230706524211	0.33549936557601956	FALSE	FALSE	FALSE
4	ARREST	Perfect (100%)	E	1	1	71	-1.2039728043259361	-1.6295367786377297	4.911703557830549e-5	2595.64	-0.4255639743117936	0.18110469623204892	TRUE	FALSE	FALSE
4	ARREST	Perfect (100%)	E	1	1	72	-1.2039728043259361	-1.2546987741648137	0.004464258752628458	2595.64	-0.05072596983887756	0.002573124016094716	TRUE	FALSE	FALSE
4	ARREST	Perfect (100%)	E	1	1	73	-1.2039728043259361	-1.9499093221885633	4.389455558985178e-4	2595.64	-0.7459365178626272	0.5564212886810215	TRUE	FALSE	FALSE
4	ARREST	Perfect (100%)	E	1	1	74	-1.2039728043259361	-1.8284677923627755	0.0012383023157426232	2595.64	-0.6244949880368393	0.3899939900831321	TRUE	FALSE	FALSE
4	ARREST	Perfect (100%)	E	1	1	75	-1.2039728043259361	-2.1924945724592084	9.466261449443403e-4	2595.64	-0.9885217681332723	0.9771752860733309	TRUE	FALSE	FALSE
4	ARREST	Perfect (100%)	E	1	1	76	-1.2039728043259361	-0.4624743800341015	0.1988932603050424	2595.64	0.7414984242918345	0.5498199132272735	FALSE	FALSE	FALSE
4	ARREST	Perfect (100%)	E	1	1	77	-1.2039728043259361	-0.7946230831728068	0.06199475878536587	2595.64	0.4093497211531293	0.1675671942081447	FALSE	FALSE	FALSE
4	ARREST	Perfect (100%)	E	1	1	78	-1.2039728043259361	-1.6503947355856954	2.420114488796976e-4	2595.64	-0.44642193125975926	0.19929254070969324	TRUE	FALSE	FALSE
4	ARREST	Perfect (100%)	E	1	1	79	-1.2039728043259361	-1.4608279112113778	1.856357813587728e-4	2595.64	-0.25685510688544166	0.06597454593313166	TRUE	FALSE	FALSE
4	ARREST	Perfect (100%)	E	1	1	80	-1.2039728043259361	-1.2542594055378995	0.004473803443884039	2595.64	-0.05028660121196338	0.0025287422614510367	TRUE	FALSE	FALSE
4	ARREST	Perfect (100%)	E	1	1	81	-1.2039728043259361	-0.5254886830368125	0.2177933716365389	2595.64	0.6784841212891236	0.4603407028414742	FALSE	FALSE	FALSE
4	ARREST	Perfect (100%)	E	1	1	82	-1.2039728043259361	-1.254549249185846	0.002118774986537786	2595.64	-0.050576444859909975	0.002557976774667514	TRUE	FALSE	FALSE
4	ARREST	Perfect (100%)	E	1	1	83	-1.2039728043259361	-0.3723408989555442	0.30762898046235587	2595.64	0.831631905370392	0.6916116260299886	FALSE	FALSE	FALSE
4	ARREST	Perfect (100%)	E	1	1	84	-1.2039728043259361	-2.638914519395456	9.902890920732155e-6	2595.64	-1.43494171506952	2.059057725646656	TRUE	FALSE	FALSE
4	ARREST	Perfect (100%)	E	1	1	85	-1.2039728043259361	-1.6179387364225688	0.0013803123558617791	2595.64	-0.4139659320966327	0.1713677929366339	TRUE	FALSE	FALSE
4	ARREST	Perfect (100%)	E	1	1	86	-1.2039728043259361	-1.6010448355689466	3.836428973631456e-4	2595.64	-0.3970720312430105	0.1576661979954503	TRUE	FALSE	FALSE
4	ARREST	Perfect (100%)	E	1	1	87	-1.2039728043259361	-1.4226223693353535	8.219612853336278e-4	2595.64	-0.21864956500941735	0.047807632278807424	TRUE	FALSE	FALSE
4	ARREST	Perfect (100%)	E	1	1	88	-1.2039728043259361	-0.5947406460630248	0.1916872470634582	2595.64	0.6092321582629113	0.371163822661685	FALSE	FALSE	FALSE
4	ARREST	Perfect (100%)	E	1	1	89	-1.2039728043259361	-0.8682674309608501	0.052672946862180936	2595.64	0.335705373365086	0.11269809770619178	FALSE	FALSE	FALSE
4	ARREST	Perfect (100%)	E	1	1	90	-1.2039728043259361	-1.4736647251021844	4.55895480136137e-4	2595.64	-0.26969192077624826	0.07273373213198217	TRUE	FALSE	FALSE
4	ARREST	Perfect (100%)	E	1	1	91	-1.2039728043259361	-0.04961684249498643	0.8925702452896794	2595.64	1.1543559618309498	1.3325376866146572	FALSE	FALSE	FALSE
4	ARREST	Perfect (100%)	E	1	1	92	-1.2039728043259361	-1.8130278351523423	2.540308849496853e-5	2595.64	-0.6090550308264062	0.3709480305749546	TRUE	FALSE	FALSE
4	ARREST	Perfect (100%)	E	1	1	93	-1.2039728043259361	-1.3626973502730229	0.0037972278733137133	2595.64	-0.15872454594708674	0.025193481486108848	TRUE	FALSE	FALSE
4	ARREST	Perfect (100%)	E	1	1	94	-1.2039728043259361	-1.6889824128034958	5.511676925287201e-4	2595.64	-0.4850096084775597	0.23523432031555574	TRUE	FALSE	FALSE
4	ARREST	Perfect (100%)	E	1	1	95	-1.2039728043259361	-1.801521513756317	2.2408167478338292e-5	2595.64	-0.5975487094303809	0.35706446014191373	TRUE	FALSE	FALSE
4	ARREST	Perfect (100%)	E	1	1	96	-1.2039728043259361	-1.6511607710257639	0.005649254213706878	2595.64	-0.44718796669982774	0.19997707756112626	TRUE	FALSE	FALSE
4	ARREST	Perfect (100%)	E	1	1	97	-1.2039728043259361	-1.5513980529663463	1.658338860497377e-4	2595.64	-0.34742524864041013	0.1207043033928508	TRUE	FALSE	FALSE
4	ARREST	Perfect (100%)	E	1	1	98	-1.2039728043259361	-1.2723838922795232	0.009385523151681063	2595.64	-0.06841108795358708	0.004680076954993427	TRUE	FALSE	FALSE
4	ARREST	Perfect (100%)	E	1	1	99	-1.2039728043259361	-1.1319487089294358	0.0022258353682231835	2595.64	0.07202409539650034	0.0051874703176841815	TRUE	FALSE	FALSE
4	ARREST	Perfect (100%)	E	1	1	100	-1.2039728043259361	-0.7230601189718803	0.046644751146249996	2595.64	0.48091268535405585	0.23127701093444913	TRUE	FALSE	FALSE
4	ARREST	Perfect (100%)	E	1	1	101	-1.2039728043259361	-0.8210110742691128	0.05065098266521306	2595.64	0.3829617300568233	0.14665968668811522	FALSE	FALSE	FALSE
4	ARREST	Perfect (100%)	E	1	1	102	-1.2039728043259361	-0.9516830912280334	0.0332209724342486	2595.64	0.2522897130979027	0.06365009933502207	TRUE	FALSE	FALSE
4	ARREST	Perfect (100%)	E	1	1	103	-1.2039728043259361	-1.8068374192844585	2.7330057615904124e-5	2595.64	-0.6028646149585224	0.36344574396908746	TRUE	FALSE	FALSE
4	ARREST	Perfect (100%)	E	1	1	104	-1.2039728043259361	-0.9792607234658232	0.01115809003759305	2595.64	0.22471208086011296	0.05049551928448195	TRUE	FALSE	FALSE
4	ARREST	Perfect (100%)	E	1	1	105	-1.2039728043259361	-1.1423848722522132	0.006295106096860237	2595.64	0.06158793207372293	0.0037930733771175096	TRUE	FALSE	FALSE
4	ARREST	Perfect (100%)	E	1	1	106	-1.2039728043259361	-1.8707141089183421	8.029823002708714e-5	2595.64	-0.666741304592406	0.4445439672495835	TRUE	FALSE	FALSE
4	ARREST	Perfect (100%)	E	1	1	107	-1.2039728043259361	-1.3421521582435934	0.00535629939034199	2595.64	-0.13817935391765723	0.019093533849101174	TRUE	FALSE	FALSE
4	ARREST	Perfect (100%)	E	1	1	108	-1.2039728043259361	-1.7184347519504581	8.297110362875948e-5	2595.64	-0.514461947624522	0.26467109555361645	TRUE	FALSE	FALSE
4	ARREST	Perfect (100%)	E	1	1	109	-1.2039728043259361	-0.9963172598348389	0.009788419061904752	2595.64	0.20765554449109724	0.04312082515789407	TRUE	FALSE	FALSE
4	ARREST	Perfect (100%)	E	1	1	110	-1.2039728043259361	-0.8558137950950335	0.0820362684548992	2595.64	0.3481590092309026	0.12121469570864372	FALSE	FALSE	FALSE
4	ARREST	Perfect (100%)	E	1	1	111	-1.2039728043259361	-0.5939287187599831	0.18444363854463897	2595.64	0.610044085565953	0.3721537863339998	FALSE	FALSE	FALSE
4	ARREST	Perfect (100%)	E	1	1	112	-1.2039728043259361	-1.0482821781899299	0.013486788301481867	2595.64	0.15569062613600626	0.024239571066621675	TRUE	FALSE	FALSE
4	ARREST	Perfect (100%)	E	1	1	113	-1.2039728043259361	-2.7203193566884267	2.159306816240658e-6	2595.64	-1.5163465523624906	2.2993068668616115	TRUE	FALSE	FALSE
4	ARREST	Perfect (100%)	E	1	1	114	-1.2039728043259361	-0.4824728440595179	0.21801123964499625	2595.64	0.7214999602664183	0.5205621926644431	FALSE	FALSE	FALSE
4	ARREST	Perfect (100%)	E	1	1	115	-1.2039728043259361	-0.16643145522551295	0.6674944681692025	2595.64	1.0375413491004233	1.0764920510931264	FALSE	FALSE	FALSE
4	ARREST	Perfect (100%)	E	1	1	116	-1.2039728043259361	-1.7088970903566723	0.0031124524548113985	2595.64	-0.5049242860307361	0.25494853462364864	TRUE	FALSE	FALSE
4	ARREST	Perfect (100%)	E	1	1	117	-1.2039728043259361	-1.8188945551214664	1.7364165613564797e-4	2595.64	-0.6149217507955302	0.3781287596014402	TRUE	FALSE	FALSE
4	ARREST	Perfect (100%)	E	1	1	118	-1.2039728043259361	-0.5079734079139073	0.23373294991668314	2595.64	0.6959993964120288	0.4844151598059084	FALSE	FALSE	FALSE
4	ARREST	Perfect (100%)	E	1	1	119	-1.2039728043259361	-0.9898355616787694	0.052559893853796336	2595.64	0.21413724264716671	0.045854758688531554	FALSE	FALSE	FALSE
4	ARREST	Perfect (100%)	E	1	1	120	-1.2039728043259361	-1.0628525515485916	0.02100911698570962	2595.64	0.14112025277734452	0.019914925743941613	TRUE	FALSE	FALSE
4	ARREST	Perfect (100%)	E	1	1	121	-1.2039728043259361	-1.1605144060844608	0.010411248508969906	2595.64	0.04345839824147535	0.0018886323777146676	TRUE	FALSE	FALSE
4	ARREST	Perfect (100%)	E	1	1	122	-1.2039728043259361	-1.6094794700121309	6.213253039799582e-5	2595.64	-0.40550666568619476	0.1644356559159353	TRUE	FALSE	FALSE
4	ARREST	Perfect (100%)	E	1	1	123	-1.2039728043259361	-1.6947059397238735	5.892755818739381e-4	2595.64	-0.4907331353979374	0.24081901017749036	TRUE	FALSE	FALSE
4	ARREST	Perfect (100%)	E	1	1	124	-1.2039728043259361	-1.3458580946189065	2.656763497759229e-4	2595.64	-0.14188529029297037	0.020131435601520472	TRUE	FALSE	FALSE
4	ARREST	Perfect (100%)	E	1	1	125	-1.2039728043259361	-0.5553313602029044	0.1140362301210609	2595.64	0.6486414441230317	0.4207357230340121	FALSE	FALSE	FALSE
4	ARREST	Perfect (100%)	E	1	1	126	-1.2039728043259361	-1.3387853919188142	0.0020885225535426377	2595.64	-0.13481258759287806	0.01817443377348742	TRUE	FALSE	FALSE
4	ARREST	Perfect (100%)	E	1	1	127	-1.2039728043259361	-1.0022947550967223	0.02275105740813077	2595.64	0.20167804922921384	0.0406740355409012	TRUE	FALSE	FALSE
4	ARREST	Perfect (100%)	E	1	1	128	-1.2039728043259361	-1.7583594321364255	3.42727521978059e-4	2595.64	-0.5543866278104894	0.30734453309508614	TRUE	FALSE	FALSE
4	ARREST	Perfect (100%)	E	1	1	129	-1.2039728043259361	-1.4347101365912327	0.006142765497348934	2595.64	-0.23073733226529658	0.05323971650090587	TRUE	FALSE	FALSE
4	ARREST	Perfect (100%)	E	1	1	130	-1.2039728043259361	-0.933018835747093	0.04975591248104683	2595.64	0.27095396857884313	0.07341605308862471	TRUE	FALSE	FALSE
4	ARREST	Perfect (100%)	E	1	1	131	-1.2039728043259361	-1.9533893114618532	2.9689645754449323e-5	2595.64	-0.7494165071359171	0.5616251011677981	TRUE	FALSE	FALSE
4	ARREST	Perfect (100%)	E	1	1	132	-1.2039728043259361	-0.6462012244761234	0.12287419190203808	2595.64	0.5577715798498127	0.31110913528815604	FALSE	FALSE	FALSE
4	ARREST	Perfect (100%)	E	1	1	133	-1.2039728043259361	-0.5101121684977747	0.2181092856594441	2595.64	0.6938606358281614	0.4814425819518604	FALSE	FALSE	FALSE
4	ARREST	Perfect (100%)	E	1	1	134	-1.2039728043259361	-1.9724366841655592	2.4196522110275787e-5	2595.64	-0.768463879839623	0.5905367346181666	TRUE	FALSE	FALSE
4	ARREST	Perfect (100%)	E	1	1	135	-1.2039728043259361	-1.3117397809465976	0.0028682513348186056	2595.64	-0.10776697662066148	0.011613721249958199	TRUE	FALSE	FALSE
4	ARREST	Perfect (100%)	E	1	1	136	-1.2039728043259361	-1.0259755785949842	0.016825235066045496	2595.64	0.1779972257309519	0.031683012367915445	TRUE	FALSE	FALSE
4	ARREST	Perfect (100%)	E	1	1	137	-1.2039728043259361	-1.569228142006979	1.3686954202984936e-4	2595.64	-0.3652553376810428	0.13341146170449258	TRUE	FALSE	FALSE
4	ARREST	Perfect (100%)	E	1	1	138	-1.2039728043259361	-1.3444286435906305	7.631378307577652e-4	2595.64	-0.1404558392646944	0.019727842783549672	TRUE	FALSE	FALSE
4	ARREST	Perfect (100%)	E	1	1	139	-1.2039728043259361	-1.5260594023292682	2.1649992689998232e-4	2595.64	-0.32208659800333206	0.10373977661336002	TRUE	FALSE	FALSE
4	ARREST	Perfect (100%)	E	1	1	140	-1.2039728043259361	-0.6509525668562749	0.08318904131281146	2595.64	0.5530202374696612	0.3058313830510005	FALSE	FALSE	FALSE
4	ARREST	Perfect (100%)	E	1	1	141	-1.2039728043259361	-0.31502850247827635	0.4179289980292561	2595.64	0.8889443018476597	0.7902219717874231	FALSE	FALSE	FALSE
4	ARREST	Perfect (100%)	E	1	1	142	-1.2039728043259361	-0.9349157513075017	0.022222194261158235	2595.64	0.2690570530184344	0.07239169777896462	TRUE	FALSE	FALSE
4	ARREST	Perfect (100%)	E	1	1	143	-1.2039728043259361	-0.8287864118651957	0.036440655373754405	2595.64	0.37518639246074037	0.14076482908770468	TRUE	FALSE	FALSE
4	ARREST	Perfect (100%)	E	1	1	144	-1.2039728043259361	-1.044725671088076	0.017430661759368693	2595.64	0.15924713323786022	0.025359649444476804	TRUE	FALSE	FALSE
4	ARREST	Perfect (100%)	E	1	1	145	-1.2039728043259361	-0.9913657813341235	0.015101856579665673	2595.64	0.21260702299181267	0.04520174622544116	TRUE	FALSE	FALSE
4	ARREST	Perfect (100%)	E	1	1	146	-1.2039728043259361	-1.6566844895093644	2.0038019892087977e-4	2595.64	-0.4527116851834283	0.2049478699016195	TRUE	FALSE	FALSE
4	ARREST	Perfect (100%)	E	1	1	147	-1.2039728043259361	-0.7228058853292766	0.0947343147985169	2595.64	0.48116691899665953	0.2315216039367379	FALSE	FALSE	FALSE
4	ARREST	Perfect (100%)	E	1	1	148	-1.2039728043259361	-1.8561600947774326	1.3289623546630658e-5	2595.64	-0.6521872904514965	0.4253482618264646	TRUE	FALSE	FALSE
4	ARREST	Perfect (100%)	E	1	1	149	-1.2039728043259361	-0.8813763931928772	0.022892756023531136	2595.64	0.3225964111330589	0.10406844447592958	TRUE	FALSE	FALSE
4	ARREST	Perfect (100%)	E	1	1	150	-1.2039728043259361	-1.0019782960380577	0.014012933434291885	2595.64	0.20199450828787846	0.0408017813784618	TRUE	FALSE	FALSE
4	ARREST	Perfect (100%)	E	1	1	151	-1.2039728043259361	-1.5296004937237746	2.617074359184679e-4	2595.64	-0.3256276893978385	0.10603339210257517	TRUE	FALSE	FALSE
4	ARREST	Perfect (100%)	E	1	1	152	-1.2039728043259361	-1.7536451600645673	3.921778286641864e-5	2595.64	-0.5496723557386312	0.3021396986632563	TRUE	FALSE	FALSE
4	ARREST	Perfect (100%)	E	1	1	153	-1.2039728043259361	-0.9087316786240732	0.05999508732078229	2595.64	0.2952411257018629	0.0871673223057032	FALSE	FALSE	FALSE
4	ARREST	Perfect (100%)	E	1	1	154	-1.2039728043259361	-0.6116620944057946	0.12223513653195539	2595.64	0.5923107099201416	0.3508319770861021	FALSE	FALSE	FALSE
4	ARREST	Perfect (100%)	E	1	1	155	-1.2039728043259361	-1.4734795410422616	4.5644013812573547e-4	2595.64	-0.2695067367163255	0.0726338811354828	TRUE	FALSE	FALSE
4	ARREST	Perfect (100%)	E	1	1	156	-1.2039728043259361	-3.13142774205316	2.167515722462099e-9	2595.64	-1.927454937727224	3.7150825369690574	TRUE	FALSE	FALSE
4	ARREST	Perfect (100%)	E	1	1	157	-1.2039728043259361	-1.2102089389371307	0.013779983673204876	2595.64	-0.006236134611194544	3.888937488893852e-5	TRUE	FALSE	FALSE
4	ARREST	Perfect (100%)	E	1	1	158	-1.2039728043259361	-1.2054993790696866	0.003503865310992116	2595.64	-0.0015265747437505084	2.33043044825693e-6	TRUE	FALSE	FALSE
4	ARREST	Perfect (100%)	E	1	1	159	-1.2039728043259361	-1.6172860669083327	7.150663762456322e-5	2595.64	-0.41331326258239653	0.17082785302650508	TRUE	FALSE	FALSE
4	ARREST	Perfect (100%)	E	1	1	160	-1.2039728043259361	-0.5718599693928211	0.1332251397709393	2595.64	0.632112834933115	0.39956663608717946	FALSE	FALSE	FALSE
4	ARREST	Perfect (100%)	E	1	1	161	-1.2039728043259361	-0.7982512863760705	0.00793841048906807	2595.64	0.40572151794986566	0.16460995012754318	TRUE	FALSE	FALSE
4	ARREST	Perfect (100%)	E	1	1	162	-1.2039728043259361	-0.5539196795782537	0.1460024271970426	2595.64	0.6500531247476824	0.4225690649942259	FALSE	FALSE	FALSE
4	ARREST	Perfect (100%)	E	1	1	163	-1.2039728043259361	-1.0803469406908164	0.012654453819926248	2595.64	0.12362586363511974	0.01528335415952922	TRUE	FALSE	FALSE
4	ARREST	Perfect (100%)	E	1	1	164	-1.2039728043259361	-1.0150577889813495	0.011070443893767878	2595.64	0.18891501534458666	0.03568888302264541	TRUE	FALSE	FALSE
4	ARREST	Perfect (100%)	E	1	1	165	-1.2039728043259361	-1.6974916742253154	1.3319327785377144e-4	2595.64	-0.4935188698993793	0.24356087494676049	TRUE	FALSE	FALSE
4	ARREST	Perfect (100%)	E	1	1	166	-1.2039728043259361	-2.0055547637464537	1.251342971464453e-5	2595.64	-0.8015819594205176	0.6425336376684363	TRUE	FALSE	FALSE
4	ARREST	Perfect (100%)	E	1	1	167	-1.2039728043259361	-1.1942619559814016	0.008284631579937973	2595.64	0.009710848344534506	9.430057557054855e-5	TRUE	FALSE	FALSE
4	ARREST	Perfect (100%)	E	1	1	168	-1.2039728043259361	-1.01796254711288	0.010816709547877057	2595.64	0.1860102572130562	0.034599815788467325	TRUE	FALSE	FALSE
4	ARREST	Perfect (100%)	E	1	1	169	-1.2039728043259361	-1.3519243166833992	0.0045210486696423136	2595.64	-0.14795151235746307	0.021889650008860548	TRUE	FALSE	FALSE
4	ARREST	Perfect (100%)	E	1	1	170	-1.2039728043259361	-0.8739347662205531	0.013843010606776396	2595.64	0.330038038105383	0.10892510659645024	TRUE	FALSE	FALSE
4	ARREST	Perfect (100%)	E	1	1	171	-1.2039728043259361	-0.5386033742339992	0.13418055367003412	2595.64	0.6653694300919369	0.442716478500869	FALSE	FALSE	FALSE
4	ARREST	Perfect (100%)	E	1	1	172	-1.2039728043259361	-0.726709353287198	0.07788887704495406	2595.64	0.47726345103873813	0.227780401697406	FALSE	FALSE	FALSE
4	ARREST	Perfect (100%)	E	1	1	173	-1.2039728043259361	-0.7793693973907302	0.040568905590308235	2595.64	0.42460340693520593	0.1802880531809841	TRUE	FALSE	FALSE
4	ARREST	Perfect (100%)	E	1	1	174	-1.2039728043259361	-0.6870920245817193	0.06142725208839872	2595.64	0.5168807797442169	0.2671657404689896	FALSE	FALSE	FALSE
4	ARREST	Perfect (100%)	E	1	1	175	-1.2039728043259361	-0.9338678562743771	0.016781665613140095	2595.64	0.27010494805155905	0.07295668296193542	TRUE	FALSE	FALSE
4	ARREST	Perfect (100%)	E	1	1	176	-1.2039728043259361	-0.13763493692150244	0.7712353041816646	2595.64	1.0663378674044337	1.1370764474606356	FALSE	FALSE	FALSE
4	ARREST	Perfect (100%)	E	1	1	177	-1.2039728043259361	-2.413477360120445	8.603219960878761e-7	2595.64	-1.2095045557945088	1.462901270487672	TRUE	FALSE	FALSE
4	ARREST	Perfect (100%)	E	1	1	178	-1.2039728043259361	-1.4864991458318353	0.004399433398368124	2595.64	-0.28252634150589917	0.07982113364470797	TRUE	FALSE	FALSE
4	ARREST	Perfect (100%)	E	1	1	179	-1.2039728043259361	-0.548477862320273	0.1499620688746497	2595.64	0.6554949420056632	0.4296736189950077	FALSE	FALSE	FALSE
4	ARREST	Perfect (100%)	E	1	1	180	-1.2039728043259361	-0.02106132757519809	0.9565824591319382	2595.64	1.182911476750738	1.3992795618286118	FALSE	FALSE	FALSE
4	ARREST	Perfect (100%)	E	1	1	181	-1.2039728043259361	-1.254937972245089	0.004890366717902883	2595.64	-0.050965167919152954	0.0025974483410274576	TRUE	FALSE	FALSE
4	ARREST	Perfect (100%)	E	1	1	182	-1.2039728043259361	-2.068236082968901	4.442017839889623e-6	2595.64	-0.8642632786429647	0.7469510148106868	TRUE	FALSE	FALSE
4	ARREST	Perfect (100%)	E	1	1	183	-1.2039728043259361	-1.2077279662249418	0.00173624178307763	2595.64	-0.00375516189900571	1.410124088774417e-5	TRUE	FALSE	FALSE
4	ARREST	Perfect (100%)	E	1	1	184	-1.2039728043259361	-2.0486119087177643	1.25068103657755e-4	2595.64	-0.8446391043918282	0.7134152166678297	TRUE	FALSE	FALSE
4	ARREST	Perfect (100%)	E	1	1	185	-1.2039728043259361	-0.415179321428425	0.2966685568846098	2595.64	0.7887934828975112	0.6221951586615863	FALSE	FALSE	FALSE
4	ARREST	Perfect (100%)	E	1	1	186	-1.2039728043259361	-1.6533797255932878	9.306062535764381e-4	2595.64	-0.4494069212673517	0.20196658088299965	TRUE	FALSE	FALSE
4	ARREST	Perfect (100%)	E	1	1	187	-1.2039728043259361	-0.8933558474961888	0.022342083228325205	2595.64	0.3106169568297473	0.09648289387017311	TRUE	FALSE	FALSE
4	ARREST	Perfect (100%)	E	1	1	188	-1.2039728043259361	-1.135682779396359	0.01336476681283505	2595.64	0.06829002492957703	0.004663527504882252	TRUE	FALSE	FALSE
4	ARREST	Perfect (100%)	E	1	1	189	-1.2039728043259361	-0.6521289067140494	0.11949751807386866	2595.64	0.5518438976118867	0.30453168733147845	FALSE	FALSE	FALSE
4	ARREST	Perfect (100%)	E	1	1	190	-1.2039728043259361	-0.7139733286483132	0.07592046580563627	2595.64	0.4899994756776229	0.24009948616434537	FALSE	FALSE	FALSE
4	ARREST	Perfect (100%)	E	1	1	191	-1.2039728043259361	-1.2731377040259366	0.008489323752049915	2595.64	-0.0691648997000005	0.0047837833505111295	TRUE	FALSE	FALSE
4	ARREST	Perfect (100%)	E	1	1	192	-1.2039728043259361	-2.2922759214746353	5.085023225603891e-6	2595.64	-1.0883031171486992	1.1844036747955753	TRUE	FALSE	FALSE
4	ARREST	Perfect (100%)	E	1	1	193	-1.2039728043259361	-1.1055194535043844	0.008977844067769247	2595.64	0.09845335082155171	0.009693062287991537	TRUE	FALSE	FALSE
4	ARREST	Perfect (100%)	E	1	1	194	-1.2039728043259361	-1.4129323002636605	0.002610111250481939	2595.64	-0.20895949593772434	0.04366407094254783	TRUE	FALSE	FALSE
4	ARREST	Perfect (100%)	E	1	1	195	-1.2039728043259361	-1.2837066990845851	6.871944912706374e-4	2595.64	-0.079733894758649	0.0063574939733833154	TRUE	FALSE	FALSE
4	ARREST	Perfect (100%)	E	1	1	196	-1.2039728043259361	-1.5869018480253814	4.936910543124062e-4	2595.64	-0.38292904369944525	0.14663465250857166	TRUE	FALSE	FALSE
4	ARREST	Perfect (100%)	E	1	1	197	-1.2039728043259361	-1.9719752505608492	2.1002908389911035e-5	2595.64	-0.7680024462349131	0.5898277574228106	TRUE	FALSE	FALSE
4	ARREST	Perfect (100%)	E	1	1	198	-1.2039728043259361	-1.0955541074912847	0.018694470129841823	2595.64	0.10841869683465144	0.011754613823324059	TRUE	FALSE	FALSE
4	ARREST	Perfect (100%)	E	1	1	199	-1.2039728043259361	-1.5468209728767994	0.002605726852319745	2595.64	-0.3428481685508633	0.11754486667868118	TRUE	FALSE	FALSE
4	ARREST	Perfect (100%)	E	1	1	200	-1.2039728043259361	-1.2760676558108917	0.003462720460112201	2595.64	-0.07209485148495554	0.005197667610637795	TRUE	FALSE	FALSE
4	ARREST	Perfect (100%)	E	1	1	201	-1.2039728043259361	-1.0479389385054363	0.013507811888125332	2595.64	0.15603386582049983	0.024346567282889746	TRUE	FALSE	FALSE
4	ARREST	Perfect (100%)	E	1	1	202	-1.2039728043259361	-1.7782720967600218	2.513383001175873e-4	2595.64	-0.5742992924340857	0.3298196772902915	TRUE	FALSE	FALSE
4	ARREST	Perfect (100%)	E	1	1	203	-1.2039728043259361	-0.8023625670318821	0.05943554554270014	2595.64	0.401610237294054	0.16129078269938635	FALSE	FALSE	FALSE
4	ARREST	Perfect (100%)	E	1	1	204	-1.2039728043259361	-2.030655586255756	1.463137463234565e-4	2595.64	-0.8266827819298197	0.6834044219392258	TRUE	FALSE	FALSE
4	ARREST	Perfect (100%)	E	1	1	205	-1.2039728043259361	-2.040229260840562	1.3458596819049262e-4	2595.64	-0.836256456514626	0.6993248610623986	TRUE	FALSE	FALSE
4	ARREST	Perfect (100%)	E	1	1	206	-1.2039728043259361	-1.9943404404029876	8.07764236609998e-7	2595.64	-0.7903676360770515	0.6246810001580265	TRUE	FALSE	FALSE
4	ARREST	Perfect (100%)	E	1	1	207	-1.2039728043259361	-1.2941155460167975	0.0032982532659067143	2595.64	-0.09014274169086134	0.008125713879545351	TRUE	FALSE	FALSE
4	ARREST	Perfect (100%)	E	1	1	208	-1.2039728043259361	-1.0348613591922915	0.014783204542015871	2595.64	0.16911144513364462	0.028598680875189696	TRUE	FALSE	FALSE
4	ARREST	Perfect (100%)	E	1	1	209	-1.2039728043259361	-1.243313306228378	0.009463780020581902	2595.64	-0.03934050190244198	0.0015476750899360411	TRUE	FALSE	FALSE
4	ARREST	Perfect (100%)	E	1	1	210	-1.2039728043259361	-1.0236258567327463	0.028475815397343007	2595.64	0.1803469475931898	0.03252502150618075	TRUE	FALSE	FALSE
4	ARREST	Perfect (100%)	E	1	1	211	-1.2039728043259361	-1.2365074911110583	0.005120199268701664	2595.64	-0.03253468678512217	0.001058505844206003	TRUE	FALSE	FALSE
4	ARREST	Perfect (100%)	E	1	1	212	-1.2039728043259361	-0.87375054799935	0.05458242150606796	2595.64	0.3302222563265861	0.10904673857342152	FALSE	FALSE	FALSE
4	ARREST	Perfect (100%)	E	1	1	213	-1.2039728043259361	-1.4000483562680106	0.0011143820506365198	2595.64	-0.1960755519420745	0.03844562206938915	TRUE	FALSE	FALSE
4	ARREST	Perfect (100%)	E	1	1	214	-1.2039728043259361	-0.9572960877361004	0.06996532803628819	2595.64	0.2466767165898357	0.06084940250754212	FALSE	FALSE	FALSE
4	ARREST	Perfect (100%)	E	1	1	215	-1.2039728043259361	-1.0736130607297496	0.007643678895444372	2595.64	0.13035974359618652	0.016993662750463493	TRUE	FALSE	FALSE
4	ARREST	Perfect (100%)	E	1	1	216	-1.2039728043259361	-1.0363525169530166	0.0071447543258946755	2595.64	0.16762028737291956	0.028096560738980137	TRUE	FALSE	FALSE
4	ARREST	Perfect (100%)	E	1	1	217	-1.2039728043259361	-1.4031110932956117	0.0010846223191836035	2595.64	-0.19913828896967556	0.03965605813377	TRUE	FALSE	FALSE
4	ARREST	Perfect (100%)	E	1	1	218	-1.2039728043259361	-1.3109670061999739	0.0011561047842523209	2595.64	-0.10699420187403774	0.011447759234662342	TRUE	FALSE	FALSE
4	ARREST	Perfect (100%)	E	1	1	219	-1.2039728043259361	-1.0066907633781805	0.0205145071526478	2595.64	0.1972820409477556	0.03892020368051191	TRUE	FALSE	FALSE
4	ARREST	Perfect (100%)	E	1	1	220	-1.2039728043259361	-0.7121328983939378	0.07664796908443794	2595.64	0.49183990593199833	0.24190649306719697	FALSE	FALSE	FALSE
4	ARREST	Perfect (100%)	E	1	1	221	-1.2039728043259361	-1.1892693375384567	0.018743202265155245	2595.64	0.014703466787479469	2.161919355705118e-4	TRUE	FALSE	FALSE
4	ARREST	Perfect (100%)	E	1	1	222	-1.2039728043259361	-1.1576877410608708	0.009776005506279328	2595.64	0.04628506326506532	0.002142307081451099	TRUE	FALSE	FALSE
4	ARREST	Perfect (100%)	E	1	1	223	-1.2039728043259361	-0.9656203957653774	0.018065466109426942	2595.64	0.23835240856055873	0.05681187066661951	TRUE	FALSE	FALSE
4	ARREST	Perfect (100%)	E	1	1	224	-1.2039728043259361	-1.3406099125221442	0.002055001627351394	2595.64	-0.1366371081962081	0.01866969933622228	TRUE	FALSE	FALSE
4	ARREST	Perfect (100%)	E	1	1	225	-1.2039728043259361	-0.7278528811415499	0.05891348997101942	2595.64	0.47611992318438623	0.22669018125310583	FALSE	FALSE	FALSE
4	ARREST	Perfect (100%)	E	1	1	226	-1.2039728043259361	-0.7361058484151725	0.14334152454690952	2595.64	0.46786695591076366	0.21889948843320448	FALSE	FALSE	FALSE
4	ARREST	Perfect (100%)	E	1	1	227	-1.2039728043259361	-0.9013021534561431	0.029472795584105538	2595.64	0.30267065086979306	0.09160952289794416	TRUE	FALSE	FALSE
4	ARREST	Perfect (100%)	E	1	1	228	-1.2039728043259361	-0.36848442997078684	0.33596264967674805	2595.64	0.8354883743551493	0.6980408236826101	FALSE	FALSE	FALSE
4	ARREST	Perfect (100%)	E	1	1	229	-1.2039728043259361	-0.3966345183502327	0.27686205548166387	2595.64	0.8073382859757035	0.6517951080021868	FALSE	FALSE	FALSE
4	ARREST	Perfect (100%)	E	1	1	230	-1.2039728043259361	-0.6229332943238352	0.09752190842689945	2595.64	0.581039510002101	0.3376069121834816	FALSE	FALSE	FALSE
4	ARREST	Perfect (100%)	E	1	1	231	-1.2039728043259361	-1.7703150380294206	3.0765064210591664e-4	2595.64	-0.5663422337034845	0.3207435256762522	TRUE	FALSE	FALSE
4	ARREST	Perfect (100%)	E	1	1	232	-1.2039728043259361	-1.5827822940038032	0.002019981734941445	2595.64	-0.3788094896778671	0.1434966294700061	TRUE	FALSE	FALSE
4	ARREST	Perfect (100%)	E	1	1	233	-1.2039728043259361	-1.1340490674250205	0.013504485840416969	2595.64	0.06992373690091558	0.004889328982188463	TRUE	FALSE	FALSE
4	ARREST	Perfect (100%)	E	1	1	234	-1.2039728043259361	-1.2805251070597023	0.008093906396351547	2595.64	-0.07655230273376623	0.005860255053842193	TRUE	FALSE	FALSE
4	ARREST	Perfect (100%)	E	1	1	235	-1.2039728043259361	-1.7738301127593665	3.495366795902566e-5	2595.64	-0.5698573084334304	0.3247373519749938	TRUE	FALSE	FALSE
4	ARREST	Perfect (100%)	E	1	1	236	-1.2039728043259361	-1.1979133366545394	0.0010684676381399472	2595.64	0.006059467671396757	3.671714846070243e-5	TRUE	FALSE	FALSE
4	ARREST	Perfect (100%)	E	1	1	237	-1.2039728043259361	-0.9983542527238695	0.005619904497201955	2595.64	0.20561855160206666	0.04227898876293175	TRUE	FALSE	FALSE
4	ARREST	Perfect (100%)	E	1	1	238	-1.2039728043259361	-1.1260634977251005	0.004243422834685262	2595.64	0.07790930660083561	0.006069860055023008	TRUE	FALSE	FALSE
4	ARREST	Perfect (100%)	E	1	1	239	-1.2039728043259361	-1.0591063021042653	0.013467677327410499	2595.64	0.14486650222167086	0.020986303465941367	TRUE	FALSE	FALSE
4	ARREST	Perfect (100%)	E	1	1	240	-1.2039728043259361	-0.3335402694374549	0.42954093380191205	2595.64	0.8704325348884812	0.7576527977923869	FALSE	FALSE	FALSE
4	ARREST	Perfect (100%)	E	1	1	241	-1.2039728043259361	-0.7125690805225694	0.08003375389459977	2595.64	0.4914037238033667	0.24147761976781554	FALSE	FALSE	FALSE
4	ARREST	Perfect (100%)	E	1	1	242	-1.2039728043259361	-0.7373107275405029	0.06989714914981682	2595.64	0.46666207678543326	0.2177734939096936	FALSE	FALSE	FALSE
4	ARREST	Perfect (100%)	E	1	1	243	-1.2039728043259361	-1.2371686821510723	0.005579835433105251	2595.64	-0.03319587782513622	0.0011019663045813708	TRUE	FALSE	FALSE
4	ARREST	Perfect (100%)	E	1	1	244	-1.2039728043259361	-0.7705769658225854	0.07442870098446086	2595.64	0.43339583850335073	0.18783195283202248	FALSE	FALSE	FALSE
4	ARREST	Perfect (100%)	E	1	1	245	-1.2039728043259361	-0.5119691889547017	0.2709883193097439	2595.64	0.6920036153712344	0.47886900368685936	FALSE	FALSE	FALSE
4	ARREST	Perfect (100%)	E	1	1	246	-1.2039728043259361	-0.9197684373412566	0.0088821945371087	2595.64	0.28420436698467955	0.0807721222131624	TRUE	FALSE	FALSE
4	ARREST	Perfect (100%)	E	1	1	247	-1.2039728043259361	-1.2495174555726816	0.0046483690370136	2595.64	-0.04554465124674545	0.002074315257187672	TRUE	FALSE	FALSE
4	ARREST	Perfect (100%)	E	1	1	248	-1.2039728043259361	-0.927407776079284	0.01759339811997529	2595.64	0.2765650282466521	0.07648821484907146	TRUE	FALSE	FALSE
4	ARREST	Perfect (100%)	E	1	1	249	-1.2039728043259361	-1.429103199045713	0.022300782208735104	2595.64	-0.22513039471977692	0.05068369462668256	TRUE	FALSE	FALSE
4	ARREST	Perfect (100%)	E	1	1	250	-1.2039728043259361	-0.7398529604605201	0.08702558108649028	2595.64	0.46411984386541605	0.21540722946965818	FALSE	FALSE	FALSE
4	ARREST	Perfect (100%)	E	1	1	251	-1.2039728043259361	-0.11099974629604169	0.8048329832229171	2595.64	1.0929730580298944	1.194590105579219	FALSE	FALSE	FALSE
4	ARREST	Perfect (100%)	E	1	1	252	-1.2039728043259361	-1.4193911698337351	0.0027737585831738576	2595.64	-0.21541836550779903	0.0464050721980517	TRUE	FALSE	FALSE
4	ARREST	Perfect (100%)	E	1	1	253	-1.2039728043259361	-0.5301423705065547	0.21371582068942274	2595.64	0.6738304338193815	0.45404745354121584	FALSE	FALSE	FALSE
4	ARREST	Perfect (100%)	E	1	1	254	-1.2039728043259361	-1.6622172851936454	3.3194303016959026e-5	2595.64	-0.4582444808677093	0.2099880042457164	TRUE	FALSE	FALSE
4	ARREST	Perfect (100%)	E	1	1	255	-1.2039728043259361	-1.2022764510777557	0.014446471516213921	2595.64	0.0016963532481804044	2.8776143426122087e-6	TRUE	FALSE	FALSE
4	ARREST	Perfect (100%)	E	1	1	256	-1.2039728043259361	-1.8034367978594215	2.0038541456590675e-4	2595.64	-0.5994639935334853	0.3593570795431146	TRUE	FALSE	FALSE
4	ARREST	Perfect (100%)	E	1	1	257	-1.2039728043259361	-0.29290946396364115	0.5165604990079613	2595.64	0.911063340362295	0.8300364101521029	FALSE	FALSE	FALSE
4	ARREST	Perfect (100%)	E	1	1	258	-1.2039728043259361	-1.2487149606727668	0.010893236916448723	2595.64	-0.04474215634683065	0.0020018605545642386	TRUE	FALSE	FALSE
4	ARREST	Perfect (100%)	E	1	1	259	-1.2039728043259361	-1.8193310812374415	1.7270165021732176e-4	2595.64	-0.6153582769115054	0.3786658089634969	TRUE	FALSE	FALSE
4	ARREST	Perfect (100%)	E	1	1	260	-1.2039728043259361	-1.2084794695157708	0.003742998258901453	2595.64	-0.004506665189834669	2.031003113326755e-5	TRUE	FALSE	FALSE
4	ARREST	Perfect (100%)	E	1	1	261	-1.2039728043259361	-1.4345804327306741	2.2329849364810528e-4	2595.64	-0.23060762840473803	0.053179878278457736	TRUE	FALSE	FALSE
4	ARREST	Perfect (100%)	E	1	1	262	-1.2039728043259361	-0.8110426831751466	0.04075086536545747	2595.64	0.3929301211507895	0.15439408010757413	TRUE	FALSE	FALSE
4	ARREST	Perfect (100%)	E	1	1	263	-1.2039728043259361	-0.4472868113782251	0.36520521228753755	2595.64	0.756685992947711	0.5725736919232634	FALSE	FALSE	FALSE
4	ARREST	Perfect (100%)	E	1	1	264	-1.2039728043259361	-1.1649555386838994	0.002790610477812705	2595.64	0.03901726564203667	0.0015223470181812552	TRUE	FALSE	FALSE
4	ARREST	Perfect (100%)	E	1	1	265	-1.2039728043259361	-1.164467626497693	0.010144259429295421	2595.64	0.03950517782824314	0.0015606590752411135	TRUE	FALSE	FALSE
4	ARREST	Perfect (100%)	E	1	1	266	-1.2039728043259361	-0.9107885450014569	0.027760047297010204	2595.64	0.2931842593244792	0.08595700991564348	TRUE	FALSE	FALSE
4	ARREST	Perfect (100%)	E	1	1	267	-1.2039728043259361	-1.9956291264001624	1.6142449530520686e-5	2595.64	-0.7916563220742263	0.6267197322800911	TRUE	FALSE	FALSE
4	ARREST	Perfect (100%)	E	1	1	268	-1.2039728043259361	-0.9867695576039578	0.009173415265421703	2595.64	0.21720324672197833	0.04717725038656859	TRUE	FALSE	FALSE
4	ARREST	Perfect (100%)	E	1	1	269	-1.2039728043259361	-1.4372496756022355	0.0019514138119783864	2595.64	-0.23327687127629937	0.05441809867245915	TRUE	FALSE	FALSE
4	ARREST	Perfect (100%)	E	1	1	270	-1.2039728043259361	-1.2810800109818787	0.001847464347358052	2595.64	-0.07710720665594262	0.005945521318282241	TRUE	FALSE	FALSE
4	ARREST	Perfect (100%)	E	1	1	271	-1.2039728043259361	-1.275882740809101	0.004183628159772801	2595.64	-0.0719099364831648	0.005171038965012795	TRUE	FALSE	FALSE
4	ARREST	Perfect (100%)	E	1	1	272	-1.2039728043259361	-1.4084369932418532	0.008936464825212376	2595.64	-0.2044641889159171	0.04180560454904384	TRUE	FALSE	FALSE
4	ARREST	Perfect (100%)	E	1	1	273	-1.2039728043259361	-0.6532328336174796	0.13741647993969863	2595.64	0.5507399707084565	0.3033145153359515	FALSE	FALSE	FALSE
4	ARREST	Perfect (100%)	E	1	1	274	-1.2039728043259361	-1.88706964903238	7.082746899274017e-4	2595.64	-0.6830968447064438	0.4666212992478994	TRUE	FALSE	FALSE
4	ARREST	Perfect (100%)	E	1	1	275	-1.2039728043259361	-0.3146985712070192	0.48573121004594766	2595.64	0.889274233118917	0.7908086616892379	FALSE	FALSE	FALSE
4	ARREST	Perfect (100%)	E	1	1	276	-1.2039728043259361	-0.8559864470910434	0.02884174770221959	2595.64	0.3479863572348927	0.12109450482161035	TRUE	FALSE	FALSE
4	ARREST	Perfect (100%)	E	1	1	277	-1.2039728043259361	-0.6678154598220525	0.09120671720484919	2595.64	0.5361573445038836	0.28746469806545616	FALSE	FALSE	FALSE
4	ARREST	Perfect (100%)	E	1	1	278	-1.2039728043259361	-0.6141704358749768	0.1428967781855347	2595.64	0.5898023684509593	0.3478668338303612	FALSE	FALSE	FALSE
4	ARREST	Perfect (100%)	E	1	1	279	-1.2039728043259361	-1.4065626311670478	4.1260252791675e-4	2595.64	-0.2025898268411117	0.04104263793951163	TRUE	FALSE	FALSE
4	ARREST	Perfect (100%)	E	1	1	280	-1.2039728043259361	-0.7516206912258658	0.050924078966327	2595.64	0.4523521131000703	0.20462243422609877	FALSE	FALSE	FALSE
4	ARREST	Perfect (100%)	E	1	1	281	-1.2039728043259361	-0.765729109257244	0.07239382406700123	2595.64	0.4382436950686921	0.19205753626746078	FALSE	FALSE	FALSE
4	ARREST	Perfect (100%)	E	1	1	282	-1.2039728043259361	-0.6144746783897773	0.20243691487373106	2595.64	0.5894981259361588	0.3475080404822433	FALSE	FALSE	FALSE
4	ARREST	Perfect (100%)	E	1	1	283	-1.2039728043259361	-0.31998591972916274	0.403858803598408	2595.64	0.8839868845967733	0.7814328121391091	FALSE	FALSE	FALSE
4	ARREST	Perfect (100%)	E	1	1	284	-1.2039728043259361	-1.1955964562981705	0.007515999682704555	2595.64	0.008376348027765657	7.01632062822536e-5	TRUE	FALSE	FALSE
4	ARREST	Perfect (100%)	E	1	1	285	-1.2039728043259361	-0.7332203245307454	0.11384828827169735	2595.64	0.47075247979519075	0.22160789723332147	FALSE	FALSE	FALSE
4	ARREST	Perfect (100%)	E	1	1	286	-1.2039728043259361	-0.910848582936391	0.03915532309763092	2595.64	0.2931242213895451	0.08592180916522704	TRUE	FALSE	FALSE
4	ARREST	Perfect (100%)	E	1	1	287	-1.2039728043259361	-1.551490007455454	6.035965944182209e-4	2595.64	-0.34751720312951795	0.12076820647096263	TRUE	FALSE	FALSE
4	ARREST	Perfect (100%)	E	1	1	288	-1.2039728043259361	-1.0830236209597863	0.02014411202343791	2595.64	0.12094918336614979	0.014628704956938526	TRUE	FALSE	FALSE
4	ARREST	Perfect (100%)	E	1	1	289	-1.2039728043259361	-2.4420684403589523	4.299607784252757e-7	2595.64	-1.2380956360330162	1.532880803963999	TRUE	FALSE	FALSE
4	ARREST	Perfect (100%)	E	1	1	290	-1.2039728043259361	-1.5532359788201089	1.6224204330150815e-4	2595.64	-0.34926317449417277	0.12198476505774697	TRUE	FALSE	FALSE
4	ARREST	Perfect (100%)	E	1	1	291	-1.2039728043259361	-0.2132939055508337	0.596136503437541	2595.64	0.9906788987751024	0.9814446804782496	FALSE	FALSE	FALSE
4	ARREST	Perfect (100%)	E	1	1	292	-1.2039728043259361	-1.6585691095544652	8.944586677754884e-4	2595.64	-0.4545963052285291	0.20665780072743	TRUE	FALSE	FALSE
4	ARREST	Perfect (100%)	E	1	1	293	-1.2039728043259361	-1.3895768651463702	0.008958700430102717	2595.64	-0.18560406082043412	0.03444886739303541	TRUE	FALSE	FALSE
4	ARREST	Perfect (100%)	E	1	1	294	-1.2039728043259361	-1.2047989092882418	0.007704995650670066	2595.64	-8.261049623057293e-4	6.824494087461504e-7	TRUE	FALSE	FALSE
4	ARREST	Perfect (100%)	E	1	1	295	-1.2039728043259361	-0.7275037878422688	0.09256364992739363	2595.64	0.47646901648366735	0.22702272366891327	FALSE	FALSE	FALSE
4	ARREST	Perfect (100%)	E	1	1	296	-1.2039728043259361	-1.564417210091223	0.002301965746122625	2595.64	-0.3604444057652869	0.12992016964749079	TRUE	FALSE	FALSE
4	ARREST	Perfect (100%)	E	1	1	297	-1.2039728043259361	-1.1507236116524682	0.006431399515368419	2595.64	0.05324919267346795	0.002835476520376113	TRUE	FALSE	FALSE
4	ARREST	Perfect (100%)	E	1	1	298	-1.2039728043259361	-1.1376378989039835	0.006529116814324998	2595.64	0.06633490542195264	0.004400319677339401	TRUE	FALSE	FALSE
4	ARREST	Perfect (100%)	E	1	1	299	-1.2039728043259361	-1.387722013137963	0.001124205855806748	2595.64	-0.18374920881202694	0.03376377173904588	TRUE	FALSE	FALSE
4	ARREST	Perfect (100%)	E	1	1	300	-1.2039728043259361	-1.570056894993789	5.741740965132802e-4	2595.64	-0.36608409066785286	0.1340175614401087	TRUE	FALSE	FALSE
4	ARREST	Perfect (100%)	E	1	1	301	-1.2039728043259361	-1.0097700355452577	0.013273077801043254	2595.64	0.19420276878067844	0.03771471540208165	TRUE	FALSE	FALSE
4	ARREST	Perfect (100%)	E	1	1	302	-1.2039728043259361	-1.5723812319584105	1.3253564597770495e-4	2595.64	-0.3684084276324744	0.13572476955063212	TRUE	FALSE	FALSE
4	ARREST	Perfect (100%)	E	1	1	303	-1.2039728043259361	-2.095413784621788	2.393232419461988e-6	2595.64	-0.8914409802958521	0.7946670213508297	TRUE	FALSE	FALSE
4	ARREST	Perfect (100%)	E	1	1	304	-1.2039728043259361	-2.191730058018578	2.0534044076980784e-5	2595.64	-0.987757253692642	0.9756643922224303	TRUE	FALSE	FALSE
4	ARREST	Perfect (100%)	E	1	1	305	-1.2039728043259361	-0.9093200886943762	0.05609855535181385	2595.64	0.2946527156315599	0.08682022282905291	FALSE	FALSE	FALSE
4	ARREST	Perfect (100%)	E	1	1	306	-1.2039728043259361	-1.432442157264153	6.743455138894516e-4	2595.64	-0.2284693529382169	0.05219824523200752	TRUE	FALSE	FALSE
4	ARREST	Perfect (100%)	E	1	1	307	-1.2039728043259361	-0.08107436315586328	0.8253578157258269	2595.64	1.1228984411700729	1.2609009091821797	FALSE	FALSE	FALSE
4	ARREST	Perfect (100%)	E	1	1	308	-1.2039728043259361	-1.2781456837821759	0.0018935596940429233	2595.64	-0.07417287945623974	0.005501616046829871	TRUE	FALSE	FALSE
4	ARREST	Perfect (100%)	E	1	1	309	-1.2039728043259361	-1.7737110854324596	2.618783330859964e-4	2595.64	-0.5697382811065235	0.32460170895821594	TRUE	FALSE	FALSE
4	ARREST	Perfect (100%)	E	1	1	310	-1.2039728043259361	-0.5771384420540997	0.15053396935460883	2595.64	0.6268343622718364	0.39292131772473987	FALSE	FALSE	FALSE
4	ARREST	Perfect (100%)	E	1	1	311	-1.2039728043259361	-1.0944899464355233	0.009028807643503889	2595.64	0.10948285789041279	0.011986496171852322	TRUE	FALSE	FALSE
4	ARREST	Perfect (100%)	E	1	1	312	-1.2039728043259361	-0.5074831098424443	0.1584091538513731	2595.64	0.6964896944834919	0.4850978945217078	FALSE	FALSE	FALSE
4	ARREST	Perfect (100%)	E	1	1	313	-1.2039728043259361	-1.212239554449533	0.006674310515608739	2595.64	-0.0082667501235969	6.833915760598936e-5	TRUE	FALSE	FALSE
4	ARREST	Perfect (100%)	E	1	1	314	-1.2039728043259361	-1.40254094670173	0.0010916230986386388	2595.64	-0.1985681423757939	0.03942930716657356	TRUE	FALSE	FALSE
4	ARREST	Perfect (100%)	E	1	1	315	-1.2039728043259361	-1.7430237698063247	6.36419841634206e-5	2595.64	-0.5390509654803886	0.29057594338533904	TRUE	FALSE	FALSE
4	ARREST	Perfect (100%)	E	1	1	316	-1.2039728043259361	-1.043178575517767	0.025464637861031147	2595.64	0.16079422880816918	0.025854784018013863	TRUE	FALSE	FALSE
4	ARREST	Perfect (100%)	E	1	1	317	-1.2039728043259361	-1.1656987124758378	0.010048507051267586	2595.64	0.038274091850098335	0.0014649061069497637	TRUE	FALSE	FALSE
4	ARREST	Perfect (100%)	E	1	1	318	-1.2039728043259361	-1.9511091859484668	2.3189327098549484e-5	2595.64	-0.7471363816225307	0.5582127727440078	TRUE	FALSE	FALSE
4	ARREST	Perfect (100%)	E	1	1	319	-1.2039728043259361	-0.9997336609639288	0.021441273396151206	2595.64	0.20423914336200732	0.04171362768124658	TRUE	FALSE	FALSE
4	ARREST	Perfect (100%)	E	1	1	320	-1.2039728043259361	-1.3793173700631087	0.003718958262981409	2595.64	-0.1753445657371726	0.030745716733557648	TRUE	FALSE	FALSE
4	ARREST	Perfect (100%)	E	1	1	321	-1.2039728043259361	-2.758231766637008	2.00692769758426e-6	2595.64	-1.5542589623110719	2.4157209219242897	TRUE	FALSE	FALSE
4	ARREST	Perfect (100%)	E	1	1	322	-1.2039728043259361	-1.4254806480980602	8.898922638128637e-4	2595.64	-0.22150784377212407	0.04906572485257572	TRUE	FALSE	FALSE
4	ARREST	Perfect (100%)	E	1	1	323	-1.2039728043259361	-1.121530478680869	0.0068383813332494325	2595.64	0.08244232564506704	0.0067967370577672786	TRUE	FALSE	FALSE
4	ARREST	Perfect (100%)	E	1	1	324	-1.2039728043259361	-1.1236124903979017	0.004716086714123713	2595.64	0.08036031392803444	0.006457780054612247	TRUE	FALSE	FALSE
4	ARREST	Perfect (100%)	E	1	1	325	-1.2039728043259361	-1.1585777970818172	0.0032146737715501583	2595.64	0.045395007244118935	0.0020607066826936107	TRUE	FALSE	FALSE
4	ARREST	Perfect (100%)	E	1	1	326	-1.2039728043259361	-1.3050886714297192	0.001113873734769677	2595.64	-0.10111586710378306	0.010224418580149918	TRUE	FALSE	FALSE
4	ARREST	Perfect (100%)	E	1	1	327	-1.2039728043259361	-0.7447929275781351	0.03546301987577993	2595.64	0.45917987674780103	0.21084615921012576	TRUE	FALSE	FALSE
4	ARREST	Perfect (100%)	E	1	1	328	-1.2039728043259361	-1.904204116265571	4.224790183915417e-6	2595.64	-0.7002313119396348	0.49032389022070216	TRUE	FALSE	FALSE
4	ARREST	Perfect (100%)	E	1	1	329	-1.2039728043259361	-0.7692155532630968	0.09169786787100731	2595.64	0.43475725106283936	0.18901386735171674	FALSE	FALSE	FALSE
4	ARREST	Perfect (100%)	E	1	1	330	-1.2039728043259361	-0.6449596137051187	0.08987785866434872	2595.64	0.5590131906208174	0.3124957472880664	FALSE	FALSE	FALSE
4	ARREST	Perfect (100%)	E	1	1	331	-1.2039728043259361	-0.8685954955243907	0.01953797549677605	2595.64	0.33537730880154537	0.11247793925896712	TRUE	FALSE	FALSE
4	ARREST	Perfect (100%)	E	1	1	332	-1.2039728043259361	-0.8904598186297487	0.02280633528845455	2595.64	0.31351298569618746	0.09829039220013784	TRUE	FALSE	FALSE
4	ARREST	Perfect (100%)	E	1	1	333	-1.2039728043259361	-1.8974283073936642	6.559132989003569e-4	2595.64	-0.6934555030677281	0.4808805347349158	TRUE	FALSE	FALSE
4	ARREST	Perfect (100%)	E	1	1	334	-1.2039728043259361	-1.1468310848935415	0.0017739507094897133	2595.64	0.057141719432394655	0.003265176099690509	TRUE	FALSE	FALSE
4	ARREST	Perfect (100%)	E	1	1	335	-1.2039728043259361	-1.2657249350553503	0.003752997388987156	2595.64	-0.06175213072941421	0.003813325649622663	TRUE	FALSE	FALSE
4	ARREST	Perfect (100%)	E	1	1	336	-1.2039728043259361	-1.7015081906950276	9.897233760591817e-5	2595.64	-0.49753538636909145	0.2475414606894411	TRUE	FALSE	FALSE
4	ARREST	Perfect (100%)	E	1	1	337	-1.2039728043259361	-2.342936388517613	2.4083149148257377e-6	2595.64	-1.138963584191677	1.2972380461147512	TRUE	FALSE	FALSE
4	ARREST	Perfect (100%)	E	1	1	338	-1.2039728043259361	-1.0073564951946539	0.03119497473049404	2595.64	0.19661630913128225	0.03865797301640794	TRUE	FALSE	FALSE
4	ARREST	Perfect (100%)	E	1	1	339	-1.2039728043259361	-0.6701592329233159	0.10445969959342738	2595.64	0.5338135714026202	0.2849569290136203	FALSE	FALSE	FALSE
4	ARREST	Perfect (100%)	E	1	1	340	-1.2039728043259361	-1.0103711146781607	0.011454335446542174	2595.64	0.19360168964777547	0.03748161423447357	TRUE	FALSE	FALSE
4	ARREST	Perfect (100%)	E	1	1	341	-1.2039728043259361	-1.2792367388587105	0.0018798627829259562	2595.64	-0.07526393453277436	0.005664659841353744	TRUE	FALSE	FALSE
4	ARREST	Perfect (100%)	E	1	1	342	-1.2039728043259361	-1.606486683202898	3.648316162910836e-4	2595.64	-0.4025138788769618	0.16201742268857744	TRUE	FALSE	FALSE
4	ARREST	Perfect (100%)	E	1	1	343	-1.2039728043259361	-0.9326607741574482	0.007433843550878838	2595.64	0.27131203016848793	0.0736102177141465	TRUE	FALSE	FALSE
4	ARREST	Perfect (100%)	E	1	1	344	-1.2039728043259361	-0.9331448762933913	0.034438780956576265	2595.64	0.27082792803254485	0.07334776660240129	TRUE	FALSE	FALSE
4	ARREST	Perfect (100%)	E	1	1	345	-1.2039728043259361	-1.110027937744578	0.0027305034488241953	2595.64	0.09394486658135803	0.00882563795698916	TRUE	FALSE	FALSE
4	ARREST	Perfect (100%)	E	1	1	346	-1.2039728043259361	-1.7088308365962779	9.183267896539782e-5	2595.64	-0.5048580322703418	0.25488163274788145	TRUE	FALSE	FALSE
4	ARREST	Perfect (100%)	E	1	1	347	-1.2039728043259361	-1.3308959706555032	4.6595965297835384e-4	2595.64	-0.12692316632956713	0.016109490151122962	TRUE	FALSE	FALSE
4	ARREST	Perfect (100%)	E	1	1	348	-1.2039728043259361	-0.8590015988354319	0.020978382937371087	2595.64	0.3449712054905042	0.11900513261757167	TRUE	FALSE	FALSE
4	ARREST	Perfect (100%)	E	1	1	349	-1.2039728043259361	-0.3538985905855318	0.37408116476020215	2595.64	0.8500742137404043	0.7226261688663665	FALSE	FALSE	FALSE
4	ARREST	Perfect (100%)	E	1	1	350	-1.2039728043259361	-0.6069253600213192	0.14769748651242165	2595.64	0.5970474443046169	0.3564656507506746	FALSE	FALSE	FALSE
4	ARREST	Perfect (100%)	E	1	1	351	-1.2039728043259361	-0.873696302098867	0.027208425035988526	2595.64	0.33027650222706917	0.10908256792334722	TRUE	FALSE	FALSE
4	ARREST	Perfect (100%)	E	1	1	352	-1.2039728043259361	-0.907768426042102	0.02022029093443678	2595.64	0.29620437828383417	0.08773703371451273	TRUE	FALSE	FALSE
4	ARREST	Perfect (100%)	E	1	1	353	-1.2039728043259361	-0.8264201853054451	0.016185990373844494	2595.64	0.377552619020491	0.142545980129232	TRUE	FALSE	FALSE
4	ARREST	Perfect (100%)	E	1	1	354	-1.2039728043259361	-0.7098797781207901	0.06872350639975888	2595.64	0.49409302620514606	0.24412791854455915	FALSE	FALSE	FALSE
4	ARREST	Perfect (100%)	E	1	1	355	-1.2039728043259361	-0.8682709758203828	0.052667511664843514	2595.64	0.3357018285055533	0.11269571766197192	FALSE	FALSE	FALSE
4	ARREST	Perfect (100%)	E	1	1	356	-1.2039728043259361	-1.0900653991698084	0.010869729986534571	2595.64	0.11390740515612774	0.012974896949402237	TRUE	FALSE	FALSE
4	ARREST	Perfect (100%)	E	1	1	357	-1.2039728043259361	-0.0069391180513761214	0.9886235911268166	2595.64	1.19703368627456	1.4328896460760618	FALSE	FALSE	FALSE
4	ARREST	Perfect (100%)	E	1	1	358	-1.2039728043259361	-0.8489075186595212	0.04313112092221605	2595.64	0.35506528566641493	0.12607135708537284	TRUE	FALSE	FALSE
4	ARREST	Perfect (100%)	E	1	1	359	-1.2039728043259361	-0.8233483511239882	0.0946979548635366	2595.64	0.38062445320194793	0.14487497437528185	FALSE	FALSE	FALSE
4	ARREST	Perfect (100%)	E	1	1	360	-1.2039728043259361	-0.7849228892693646	0.03907580698833335	2595.64	0.4190499150565715	0.1756028313089198	TRUE	FALSE	FALSE
4	ARREST	Perfect (100%)	E	1	1	361	-1.2039728043259361	-2.6542036315705717	6.0328172677426295e-6	2595.64	-1.4502308272446356	2.10316945229066	TRUE	FALSE	FALSE
4	ARREST	Perfect (100%)	E	1	1	362	-1.2039728043259361	-0.5821686725978951	0.0941092005338443	2595.64	0.621804131728041	0.38664037823406305	FALSE	FALSE	FALSE
4	ARREST	Perfect (100%)	E	1	1	363	-1.2039728043259361	-1.205283836211083	0.004234047558428489	2595.64	-0.0013110318851468072	1.7188046038715912e-6	TRUE	FALSE	FALSE
4	ARREST	Perfect (100%)	E	1	1	364	-1.2039728043259361	-1.39042745454739	0.003094065627802678	2595.64	-0.1864546502214539	0.03476533658920472	TRUE	FALSE	FALSE
4	ARREST	Perfect (100%)	E	1	1	365	-1.2039728043259361	-2.3092601186384685	3.5992337403811803e-6	2595.64	-1.1052873143125324	1.2216600471802106	TRUE	FALSE	FALSE
4	ARREST	Perfect (100%)	E	1	1	366	-1.2039728043259361	-0.8263180698832807	0.04913874523443773	2595.64	0.3776547344426554	0.14262309844695256	TRUE	FALSE	FALSE
4	ARREST	Perfect (100%)	E	1	1	367	-1.2039728043259361	-1.4435829585449116	0.0018551393168376729	2595.64	-0.23961015421897547	0.05741302600484121	TRUE	FALSE	FALSE
4	ARREST	Perfect (100%)	E	1	1	368	-1.2039728043259361	-0.8782055859415497	0.01815837752814997	2595.64	0.3257672183843864	0.10612428057390048	TRUE	FALSE	FALSE
4	ARREST	Perfect (100%)	E	1	1	369	-1.2039728043259361	-0.5459988913620456	0.25821027690401643	2595.64	0.6579739129638905	0.43292967014101336	FALSE	FALSE	FALSE
4	ARREST	Perfect (100%)	E	1	1	370	-1.2039728043259361	-1.8060373866307835	0.0014467655790780798	2595.64	-0.6020645823048474	0.36248176126591036	TRUE	FALSE	FALSE
4	ARREST	Perfect (100%)	E	1	1	371	-1.2039728043259361	-1.8064114381433256	1.946677027477861e-4	2595.64	-0.6024386338173895	0.3629323075157627	TRUE	FALSE	FALSE
4	ARREST	Perfect (100%)	E	1	1	372	-1.2039728043259361	-1.471221031190248	4.6542129056925674e-4	2595.64	-0.26724822686431193	0.07142161476211874	TRUE	FALSE	FALSE
4	ARREST	Perfect (100%)	E	1	1	373	-1.2039728043259361	-1.5691661420631464	1.542841671655637e-4	2595.64	-0.3651933377372103	0.13336617392764416	TRUE	FALSE	FALSE
4	ARREST	Perfect (100%)	E	1	1	374	-1.2039728043259361	-0.9232039805326834	0.016998254758828102	2595.64	0.28076882379325274	0.07883113241424661	TRUE	FALSE	FALSE
4	ARREST	Perfect (100%)	E	1	1	375	-1.2039728043259361	-0.8183279210226808	0.029613223509427522	2595.64	0.3856448833032553	0.1487219760179814	TRUE	FALSE	FALSE
4	ARREST	Perfect (100%)	E	1	1	376	-1.2039728043259361	-0.966456110219003	0.011504810409709743	2595.64	0.2375166941069331	0.05641417997948643	TRUE	FALSE	FALSE
4	ARREST	Perfect (100%)	E	1	1	377	-1.2039728043259361	-1.3078835062606855	0.00675591258038355	2595.64	-0.10391070193474938	0.010797433976572329	TRUE	FALSE	FALSE
4	ARREST	Perfect (100%)	E	1	1	378	-1.2039728043259361	-0.7104268048635716	0.10063757636446702	2595.64	0.49354599946236455	0.24358765358530435	FALSE	FALSE	FALSE
4	ARREST	Perfect (100%)	E	1	1	379	-1.2039728043259361	-0.5663190663565134	0.17138324864163768	2595.64	0.6376537379694227	0.40660228954637717	FALSE	FALSE	FALSE
4	ARREST	Perfect (100%)	E	1	1	380	-1.2039728043259361	-1.0260911320067017	0.006646806984491271	2595.64	0.17788167231923446	0.031641889347087504	TRUE	FALSE	FALSE
4	ARREST	Perfect (100%)	E	1	1	381	-1.2039728043259361	-1.755966258757723	4.291533690958804e-5	2595.64	-0.5519934544317868	0.3046967737355371	TRUE	FALSE	FALSE
4	ARREST	Perfect (100%)	E	1	1	382	-1.2039728043259361	-2.2533796801659487	1.0709822938936853e-5	2595.64	-1.0494068758400126	1.1012547910602957	TRUE	FALSE	FALSE
4	ARREST	Perfect (100%)	E	1	1	383	-1.2039728043259361	-1.0097231913782267	0.01326391361806134	2595.64	0.19424961294770937	0.0377329121303349	TRUE	FALSE	FALSE
4	ARREST	Perfect (100%)	E	1	1	384	-1.2039728043259361	-1.6030861642031642	0.0015455849698451374	2595.64	-0.39911335987722807	0.15929147403248978	TRUE	FALSE	FALSE
4	ARREST	Perfect (100%)	E	1	1	385	-1.2039728043259361	-1.5229117351066133	7.782198608988766e-4	2595.64	-0.31893893078067714	0.10172204156752157	TRUE	FALSE	FALSE
4	ARREST	Perfect (100%)	E	1	1	386	-1.2039728043259361	-1.3465224259704307	0.00469657122136069	2595.64	-0.14254962164449458	0.02032039463098856	TRUE	FALSE	FALSE
4	ARREST	Perfect (100%)	E	1	1	387	-1.2039728043259361	-1.0595212183490017	0.014536301715688427	2595.64	0.14445158597693442	0.020866260691251675	TRUE	FALSE	FALSE
4	ARREST	Perfect (100%)	E	1	1	388	-1.2039728043259361	-1.3637597745122039	0.010440676080835654	2595.64	-0.15978697018626775	0.02553187584130722	TRUE	FALSE	FALSE
4	ARREST	Perfect (100%)	E	1	1	389	-1.2039728043259361	-0.540324643692901	0.1849547571943303	2595.64	0.6636481606330351	0.44042888111161077	FALSE	FALSE	FALSE
4	ARREST	Perfect (100%)	E	1	1	390	-1.2039728043259361	-0.9493145942742174	0.014018549096598831	2595.64	0.25465821005171874	0.0648508039467453	TRUE	FALSE	FALSE
4	ARREST	Perfect (100%)	E	1	1	391	-1.2039728043259361	-1.3978174706688602	0.0011366492756745838	2595.64	-0.19384466634292408	0.03757575466959956	TRUE	FALSE	FALSE
4	ARREST	Perfect (100%)	E	1	1	392	-1.2039728043259361	-1.691973958428841	6.816704864528456e-4	2595.64	-0.4880011541029048	0.23814512640576702	TRUE	FALSE	FALSE
4	ARREST	Perfect (100%)	E	1	1	393	-1.2039728043259361	-1.47604804109835	0.00471296940942334	2595.64	-0.27207523677241396	0.07402493446476512	TRUE	FALSE	FALSE
4	ARREST	Perfect (100%)	E	1	1	394	-1.2039728043259361	-0.6919244035131585	0.09354748349571484	2595.64	0.5120484008127776	0.26219356477492295	FALSE	FALSE	FALSE
4	ARREST	Perfect (100%)	E	1	1	395	-1.2039728043259361	-0.2819279188211306	0.5324687861330619	2595.64	0.9220448855048056	0.85016677088557	FALSE	FALSE	FALSE
4	ARREST	Perfect (100%)	E	1	1	396	-1.2039728043259361	-0.7509650075414007	0.061528583322284836	2595.64	0.4530077967845354	0.2052160639475789	FALSE	FALSE	FALSE
4	ARREST	Perfect (100%)	E	1	1	397	-1.2039728043259361	-1.0533891840100316	0.0029381656799195577	2595.64	0.15058362031590455	0.022675426707444504	TRUE	FALSE	FALSE
4	ARREST	Perfect (100%)	E	1	1	398	-1.2039728043259361	-1.3737671352062752	0.00387011932706538	2595.64	-0.16979433088033913	0.028830114799102087	TRUE	FALSE	FALSE
4	ARREST	Perfect (100%)	E	1	1	399	-1.2039728043259361	-1.466987799363101	0.0017197488843426756	2595.64	-0.26301499503716497	0.06917688761439991	TRUE	FALSE	FALSE
4	ARREST	Perfect (100%)	E	1	1	400	-1.2039728043259361	-0.4755456628082243	0.2438337545178303	2595.64	0.7284271415177118	0.5306061004996646	FALSE	FALSE	FALSE
